Image_ID,x1,y1,x2,y2,COCO_Verb_Id_1,COCO_Verb_Id_2,COCO_Verb_Id_3,HOI_MO_Id,HOI_MO_Name
328,207,95,404,468,24,,,5,rare type
428,205,15,597,352,2,,,1,occlusion
564,215,320,396,618,28,,,5,rare type
764,69,97,169,289,13,,,1,occlusion
2179,219,28,364,176,19,2,,5,rare type
2473,26,328,63,362,17,,,1,occlusion
2473,112,342,153,386,17,,,1,occlusion
2473,431,280,504,382,17,,,1,occlusion
2867,289,68,464,317,17,,,5,rare type
4554,4,12,71,90,17,,,5,rare type
4554,161,8,217,60,25,,,5,rare type
4554,257,14,288,76,25,,,5,rare type
4554,284,15,314,83,25,,,5,rare type
4592,12,106,25,126,2,,,1,occlusion
4592,36,117,55,135,2,,,1,occlusion
4592,75,116,89,134,2,,,1,occlusion
4592,80,180,104,222,2,,,1,occlusion
4592,21,195,58,224,2,,,1,occlusion
4592,112,195,140,222,2,,,1,occlusion
4592,246,193,283,229,2,,,1,occlusion
4592,221,196,255,222,2,,,1,occlusion
4592,277,187,299,224,2,,,1,occlusion
4592,302,65,322,94,2,,,1,occlusion
4592,385,191,415,232,2,,,1,occlusion
4592,399,152,430,187,2,,,1,occlusion
4592,435,200,459,233,2,,,1,occlusion
4592,497,215,520,258,2,,,1,occlusion
4592,523,219,565,255,2,,,1,occlusion
4592,601,191,634,233,2,,,1,occlusion
4592,572,22,604,45,2,,,1,occlusion
4592,498,139,518,171,2,,,5,rare type
4592,515,141,542,164,2,,,5,rare type
4592,270,69,447,339,28,,,2,truncation
5001,218,103,376,462,14,27,,5,rare type
5001,167,27,256,301,14,27,,5,rare type
5001,224,58,316,311,14,27,,5,rare type
5064,297,150,494,340,28,,,2,truncation
5476,230,183,249,213,0,11,,1,occlusion
5476,159,189,185,227,0,11,,5,rare type
5476,565,190,597,265,0,11,,5,rare type
5476,119,218,148,278,0,11,,5,rare type
5476,203,202,229,259,0,11,,6,small scale
5644,584,183,608,211,19,,,6,small scale
5652,12,12,620,405,2,,,2,truncation
5728,270,152,323,245,13,,,5,rare type
6712,475,129,554,289,28,,,2,truncation
7072,228,100,293,237,12,,,1,occlusion
7260,72,236,143,325,28,,,6,small scale
8589,532,187,589,280,2,,,5,rare type
8589,562,147,620,250,2,,,5,rare type
8589,600,154,637,246,2,,,5,rare type
9400,9,93,107,211,2,,,1,occlusion
9400,159,94,277,256,2,,,1,occlusion
9400,278,58,354,207,2,,,1,occlusion
9400,361,53,412,95,2,,,1,occlusion
9400,558,39,617,121,2,,,1,occlusion
9400,450,70,543,232,2,,,1,occlusion
9400,518,404,634,467,2,,,1,occlusion
10142,261,218,289,250,17,25,,6,small scale
12413,373,193,416,246,17,25,,1,occlusion
12413,417,186,467,247,17,25,,1,occlusion
12413,422,105,453,142,17,25,,1,occlusion
13081,16,21,250,310,2,,,1,occlusion
13904,456,28,611,319,28,,,2,truncation
14088,67,93,380,336,2,,,1,occlusion
14892,267,119,558,419,2,,,1,occlusion
15067,447,228,470,277,19,,,6,small scale
16897,225,7,408,195,16,2,,5,rare type
16897,439,16,626,131,16,2,,5,rare type
16897,431,151,627,279,16,2,,5,rare type
16959,449,226,596,435,0,11,,1,occlusion
17273,174,6,435,334,2,,,1,occlusion
17313,229,66,375,353,21,,,5,rare type
17364,163,72,286,411,0,11,,5,rare type
19292,596,238,631,292,17,,,1,occlusion
19292,604,296,636,398,17,,,1,occlusion
19292,620,241,638,289,17,,,1,occlusion
19292,504,245,539,311,17,,,1,occlusion
19292,176,264,214,328,17,25,,1,occlusion
19292,128,263,171,323,17,25,,1,occlusion
19292,160,246,188,293,17,25,,1,occlusion
19292,140,248,166,291,17,25,,1,occlusion
19292,76,258,114,315,17,25,,6,small scale
19446,276,131,363,316,13,,,2,truncation
20334,168,194,229,317,17,,,1,occlusion
20334,272,225,330,309,17,,,1,occlusion
20334,335,185,379,309,17,,,1,occlusion
20334,368,232,401,302,17,,,1,occlusion
20334,395,234,428,307,17,,,1,occlusion
20334,33,208,112,304,17,,,5,rare type
20334,152,188,181,242,17,,,6,small scale
20334,172,193,198,232,17,,,6,small scale
20598,44,54,195,316,2,,,1,occlusion
21365,13,6,423,322,9,,,4,gray image
23446,275,123,335,172,2,,,1,occlusion
23807,24,40,484,466,26,,,5,rare type
23807,224,155,421,354,26,,,5,rare type
23895,530,2,598,81,19,,,5,rare type
23895,454,5,506,78,19,,,5,rare type
23991,532,227,594,387,19,,,5,rare type
24112,141,110,424,389,2,,,1,occlusion
24223,96,313,624,463,14,,,5,rare type
24391,243,21,456,324,14,27,,5,rare type
24601,273,47,406,332,28,,,2,truncation
25654,415,124,634,339,14,27,,5,rare type
26448,242,41,351,160,17,,,1,occlusion
26448,363,44,485,197,17,,,5,rare type
27371,324,100,393,235,0,11,,5,rare type
27805,7,59,281,388,2,,,1,occlusion
27871,175,260,306,493,0,2,3,5,rare type
27897,575,161,609,271,0,11,,4,gray image
27897,607,189,634,258,0,11,,4,gray image
27897,541,167,581,271,0,11,,4,gray image
28719,283,71,409,237,2,,,1,occlusion
28719,57,171,181,286,2,,,1,occlusion
29045,340,292,366,320,17,25,,6,small scale
30347,245,88,420,243,2,,,1,occlusion
30534,500,285,536,313,17,25,,6,small scale
31041,77,90,189,554,14,,,1,occlusion
31041,168,105,281,287,14,27,,1,occlusion
31620,176,218,231,314,14,,,5,rare type
31620,194,234,267,423,14,,,5,rare type
31773,486,270,636,389,2,,,1,occlusion
31882,444,111,493,191,2,3,,1,occlusion
31882,523,136,574,228,2,3,,1,occlusion
31882,346,109,402,177,2,3,,1,occlusion
31882,252,108,324,209,2,3,,1,occlusion
32334,19,85,173,340,2,,,1,occlusion
32777,25,164,141,424,10,,,1,occlusion
32777,582,189,636,322,0,11,,5,rare type
33104,278,21,417,449,17,25,,1,occlusion
35672,10,46,495,260,9,,,5,rare type
36252,219,122,277,171,18,,,1,occlusion
36252,105,141,140,168,18,,,6,small scale
36561,148,39,242,138,2,,,1,occlusion
36561,362,60,505,194,2,,,1,occlusion
36614,23,96,249,453,7,,,5,rare type
37456,345,124,433,217,2,9,,5,rare type
37689,308,126,379,191,25,,,5,rare type
38336,442,95,470,121,2,,,1,occlusion
38336,483,91,498,117,2,,,1,occlusion
38336,382,109,414,130,2,,,1,occlusion
38336,411,116,442,134,2,,,1,occlusion
38336,343,149,378,171,2,,,1,occlusion
38336,174,123,209,145,2,,,1,occlusion
38336,137,128,177,151,2,,,1,occlusion
38336,77,144,111,164,2,,,1,occlusion
38336,200,143,228,158,2,,,1,occlusion
38336,130,168,175,195,2,,,1,occlusion
38336,198,180,237,196,2,,,1,occlusion
38336,265,105,296,126,2,,,5,rare type
38336,306,105,329,128,2,,,6,small scale
38753,94,5,419,351,2,,,1,occlusion
38829,399,124,455,221,0,2,3,1,occlusion
41478,1,6,255,320,27,,,5,rare type
42834,19,6,431,372,26,2,,5,rare type
43657,257,134,329,263,28,6,,5,rare type
45094,320,58,567,465,21,0,,3,transparency
45626,324,143,455,351,28,6,,5,rare type
45626,182,228,346,374,13,,,2,truncation
47511,232,170,448,376,2,,,1,occlusion
47801,60,49,550,539,2,,,1,occlusion
48129,142,48,598,564,2,,,2,truncation
48133,287,436,324,488,17,25,,1,occlusion
48133,420,410,454,445,17,25,,1,occlusion
49327,234,400,258,452,0,2,3,4,gray image
49327,267,400,310,481,0,2,3,4,gray image
51674,278,209,316,263,3,,,1,occlusion
51928,119,11,239,146,2,,,1,occlusion
52314,74,152,105,250,19,,,1,occlusion
52314,31,139,102,276,19,,,5,rare type
52803,84,77,282,341,25,,,5,rare type
53410,12,41,410,487,2,,,1,occlusion
53802,5,336,75,475,2,,,1,occlusion
53802,60,307,241,464,2,,,1,occlusion
53802,357,353,469,464,2,,,1,occlusion
53802,245,368,382,464,2,,,1,occlusion
56455,16,47,458,622,2,,,1,occlusion
56724,226,112,299,215,2,3,,1,occlusion
57086,243,131,385,347,28,,,2,truncation
57542,37,63,401,442,2,,,1,occlusion
57645,259,106,306,219,0,11,,5,rare type
60080,160,49,250,207,19,,,5,rare type
60080,98,209,227,370,19,8,,5,rare type
60080,180,249,296,462,19,8,,5,rare type
60125,123,200,155,237,17,25,,1,occlusion
60125,328,202,360,245,17,25,,1,occlusion
60125,424,205,451,222,17,25,,6,small scale
60125,472,205,490,221,17,25,,6,small scale
60125,504,207,525,225,17,25,,6,small scale
60125,532,198,552,226,17,25,,6,small scale
60125,616,220,637,250,17,25,,6,small scale
61693,279,61,622,430,2,,,1,occlusion
62363,169,272,317,310,18,,,5,rare type
62363,569,241,594,261,18,,,6,small scale
62566,213,237,251,312,17,25,,1,occlusion
62566,444,244,476,286,17,25,,1,occlusion
62566,309,243,350,301,17,25,,1,occlusion
62566,345,237,370,278,17,25,,1,occlusion
62566,360,241,387,275,17,25,,1,occlusion
64898,331,195,410,259,18,,,5,rare type
65655,132,25,283,237,2,,,1,occlusion
65655,261,51,438,319,2,,,1,occlusion
65655,471,18,586,214,2,,,1,occlusion
65655,506,48,605,325,2,,,1,occlusion
65655,190,1,300,83,2,,,1,occlusion
65655,299,3,390,82,2,,,1,occlusion
67218,385,199,451,318,25,,,1,occlusion
67218,446,198,493,311,25,,,1,occlusion
67218,506,87,529,121,17,25,,1,occlusion
67218,517,89,540,118,17,25,,1,occlusion
67218,543,93,560,117,17,25,,1,occlusion
67218,568,93,582,118,17,25,,1,occlusion
67218,589,92,608,115,17,25,,1,occlusion
67218,623,93,636,116,17,25,,1,occlusion
67218,600,111,622,135,17,25,,1,occlusion
67537,65,167,233,387,2,,,1,occlusion
67537,4,172,118,417,2,,,1,occlusion
68128,418,246,450,317,0,11,,1,occlusion
68128,604,255,634,333,0,11,,5,rare type
68128,522,256,549,303,0,11,,5,rare type
68128,543,247,572,301,0,11,,5,rare type
68973,562,93,614,241,17,25,,1,occlusion
68973,15,105,47,182,17,25,,1,occlusion
68973,171,171,229,260,17,25,,1,occlusion
69224,180,28,332,232,2,,,1,occlusion
69969,28,203,83,265,2,,,1,occlusion
69969,84,199,158,261,2,,,1,occlusion
69969,130,185,162,223,2,,,1,occlusion
69969,153,178,192,218,2,,,1,occlusion
69969,217,187,242,224,2,,,1,occlusion
69969,254,182,292,215,2,,,1,occlusion
69969,302,179,337,212,2,,,1,occlusion
69969,327,169,356,206,2,,,1,occlusion
69969,112,180,139,209,2,,,5,rare type
70945,106,7,405,361,14,,,1,occlusion
71301,293,52,328,108,17,25,,5,rare type
71301,363,28,399,99,17,25,,5,rare type
71301,422,45,448,106,17,25,,5,rare type
71602,112,261,157,369,17,25,,1,occlusion
71602,227,203,273,271,17,25,,5,rare type
71986,99,137,130,244,17,25,,1,occlusion
71986,170,147,217,249,17,25,,1,occlusion
71986,395,141,447,231,17,25,,1,occlusion
72315,406,218,457,298,2,,,1,occlusion
72315,363,215,413,297,2,,,1,occlusion
72315,317,219,399,320,2,,,1,occlusion
72315,371,214,409,301,2,,,1,occlusion
72315,176,226,206,262,2,,,1,occlusion
74967,299,3,403,493,14,27,,5,rare type
75375,52,286,91,324,18,,,1,occlusion
75375,3,278,22,303,18,,,1,occlusion
75375,95,267,121,294,18,,,6,small scale
75375,255,274,291,300,18,,,6,small scale
75375,435,281,459,307,18,,,6,small scale
75375,542,283,572,303,18,,,6,small scale
75375,511,286,534,310,18,,,6,small scale
77784,110,19,373,344,2,,,1,occlusion
77784,435,34,597,287,2,,,1,occlusion
79113,246,7,627,403,2,,,2,truncation
80053,16,9,318,291,2,,,2,truncation
80053,295,8,628,296,2,,,2,truncation
80131,9,226,255,462,2,,,1,occlusion
80131,464,332,634,469,2,,,1,occlusion
81798,492,248,524,332,17,25,,1,occlusion
81798,556,259,603,330,17,25,,1,occlusion
81798,322,269,347,318,17,25,,6,small scale
81798,345,267,362,314,17,25,,6,small scale
81798,295,269,330,320,17,25,,6,small scale
83036,5,187,202,438,2,,,2,truncation
83036,567,204,632,299,2,,,2,truncation
83682,434,209,523,319,17,25,,1,occlusion
83682,603,230,632,285,17,25,,2,truncation
84270,488,257,528,364,0,11,,5,rare type
84984,166,232,223,280,18,,,1,occlusion
85160,219,67,315,178,2,,,1,occlusion
85340,6,42,226,432,2,,,1,occlusion
85340,219,71,471,437,2,,,1,occlusion
85340,414,50,627,448,2,,,1,occlusion
85434,355,192,373,232,17,,,6,small scale
85434,370,193,382,228,17,,,6,small scale
86516,490,102,560,266,25,,,1,occlusion
88436,131,62,240,198,2,,,1,occlusion
88436,380,51,523,183,2,,,1,occlusion
88436,378,86,533,237,2,,,1,occlusion
88817,122,251,158,297,18,,,1,occlusion
88817,383,247,412,273,18,,,1,occlusion
88817,537,247,577,280,18,,,1,occlusion
88817,450,261,501,298,18,,,1,occlusion
88817,154,250,176,270,18,,,6,small scale
88817,213,248,239,265,18,,,6,small scale
89648,242,11,366,97,2,,,1,occlusion
89648,253,45,375,170,2,,,1,occlusion
90011,4,10,428,611,14,27,,5,rare type
90519,105,186,161,361,0,11,,5,rare type
90519,148,181,184,243,0,11,,5,rare type
90519,177,187,229,266,0,11,,5,rare type
93717,32,13,64,43,19,8,,5,rare type
93717,45,79,70,111,19,8,,5,rare type
93717,44,151,68,179,19,8,,5,rare type
93717,26,226,56,252,19,8,,5,rare type
93717,9,285,37,321,19,8,,5,rare type
93717,14,334,66,382,19,8,,5,rare type
93717,109,306,162,369,19,8,,5,rare type
93717,202,242,242,305,19,8,,5,rare type
93717,209,348,267,401,19,8,,5,rare type
93806,413,99,456,217,17,,,1,occlusion
93806,514,126,561,206,17,,,1,occlusion
93806,531,109,559,150,17,,,1,occlusion
93806,571,115,623,199,17,,,1,occlusion
93806,566,99,598,143,17,,,1,occlusion
93806,475,105,502,135,17,,,6,small scale
93806,444,93,471,121,17,,,6,small scale
93806,426,76,453,102,17,,,6,small scale
93806,462,79,482,93,17,,,6,small scale
93806,493,88,518,123,17,,,6,small scale
93806,512,99,538,118,17,,,6,small scale
93806,422,92,446,110,17,,,6,small scale
94046,158,100,487,556,28,,,2,truncation
96566,111,23,371,403,2,,,1,occlusion
96566,340,5,474,382,2,,,1,occlusion
96832,183,32,420,285,2,,,1,occlusion
97048,373,113,439,196,28,,,1,occlusion
97626,102,163,145,284,0,2,3,1,occlusion
97626,7,241,60,356,0,2,3,1,occlusion
97946,262,250,333,367,19,,,1,occlusion
99990,75,100,158,189,28,,,1,occlusion
100010,389,193,426,253,17,25,,5,rare type
100111,177,45,287,251,2,,,1,occlusion
100111,195,19,300,145,2,,,1,occlusion
100203,174,1,314,185,2,,,1,occlusion
100203,258,3,401,154,2,,,1,occlusion
100203,467,2,580,64,2,,,1,occlusion
100434,498,147,568,266,0,2,3,1,occlusion
103462,169,6,542,394,2,,,1,occlusion
105732,178,143,213,188,17,25,,1,occlusion
105732,567,103,613,414,17,25,,1,occlusion
105996,24,30,142,68,18,,,1,occlusion
106216,365,75,429,133,0,2,3,1,occlusion
106909,416,130,452,175,2,,,1,occlusion
106909,439,133,475,166,2,,,1,occlusion
106909,367,137,416,213,2,,,1,occlusion
106909,459,176,528,269,2,,,1,occlusion
106909,541,167,592,258,2,,,1,occlusion
106909,153,124,230,226,2,,,1,occlusion
107234,2,10,310,490,21,0,,3,transparency
107781,115,242,214,374,28,,,2,truncation
110156,326,337,351,369,17,25,,6,small scale
110156,593,396,627,426,17,25,,6,small scale
110618,405,128,427,153,17,25,,6,small scale
113588,94,103,224,242,2,,,2,truncation
113588,142,239,414,616,2,,,2,truncation
113757,85,202,113,239,2,,,1,occlusion
113757,107,205,137,246,2,,,1,occlusion
113757,156,221,178,269,2,,,1,occlusion
113757,175,219,200,247,2,,,1,occlusion
113757,176,251,207,281,2,,,1,occlusion
113757,249,251,388,362,2,,,1,occlusion
113757,355,262,391,291,2,,,1,occlusion
113757,396,265,440,315,2,,,1,occlusion
113757,441,264,481,317,2,,,1,occlusion
113757,500,272,550,299,2,,,1,occlusion
113757,587,285,638,370,2,,,1,occlusion
113757,495,295,594,359,2,,,1,occlusion
113757,120,278,267,415,2,,,1,occlusion
114282,195,145,239,231,0,11,,1,occlusion
114282,215,137,277,267,0,11,,1,occlusion
114282,341,144,384,255,0,11,,1,occlusion
116061,166,92,211,187,0,2,3,1,occlusion
116132,320,112,370,164,2,,,1,occlusion
116132,142,105,193,151,2,,,1,occlusion
116132,449,119,497,193,2,,,1,occlusion
116132,7,147,137,315,2,,,1,occlusion
116173,396,79,440,115,18,,,1,occlusion
116173,469,55,504,82,18,,,1,occlusion
116173,550,88,597,122,18,,,1,occlusion
116361,98,314,143,366,2,,,1,occlusion
116361,128,292,175,360,2,,,1,occlusion
116361,88,257,188,489,2,,,1,occlusion
116361,97,263,226,486,2,,,1,occlusion
116361,171,250,251,376,2,,,1,occlusion
116361,214,226,301,425,2,,,1,occlusion
116361,5,335,75,627,2,,,1,occlusion
116361,12,293,76,384,2,,,1,occlusion
117676,27,201,262,555,28,,,2,truncation
117676,281,328,471,547,13,,,2,truncation
118544,11,18,190,166,2,,,1,occlusion
118846,15,57,412,626,27,,,1,occlusion
119640,140,48,401,614,28,,,2,truncation
120771,2,194,60,266,18,,,1,occlusion
120771,506,304,626,413,18,,,1,occlusion
121031,255,150,294,197,0,2,3,1,occlusion
122161,345,200,413,311,17,,,1,occlusion
122861,0,152,29,187,18,,,1,occlusion
122934,111,150,155,191,0,2,3,1,occlusion
122934,83,148,179,241,0,2,3,1,occlusion
122997,156,47,319,334,2,,,1,occlusion
122997,317,69,445,376,2,,,1,occlusion
122997,365,37,616,390,2,,,1,occlusion
125909,3,313,138,459,2,,,1,occlusion
125909,3,267,54,308,2,,,1,occlusion
125909,3,298,67,416,2,,,1,occlusion
125909,81,242,152,337,2,,,1,occlusion
125909,259,243,312,313,2,,,1,occlusion
125909,285,232,372,360,2,,,1,occlusion
127873,94,36,279,278,2,,,2,truncation
129659,109,15,413,356,2,,,2,truncation
129897,249,174,373,372,2,,,1,occlusion
129982,409,5,473,81,17,,,1,occlusion
129982,523,26,590,305,17,,,1,occlusion
129982,507,45,544,254,17,,,1,occlusion
129982,605,34,637,273,17,,,1,occlusion
129982,369,187,555,419,17,,,2,truncation
130262,241,284,318,320,18,,,1,occlusion
130320,101,214,186,427,0,11,,1,occlusion
131152,100,136,148,175,18,,,1,occlusion
131152,433,159,472,194,18,,,1,occlusion
131152,459,133,512,159,18,,,1,occlusion
132272,179,39,495,412,2,,,1,occlusion
132987,290,203,366,297,18,,,1,occlusion
133291,16,59,233,437,2,,,2,truncation
133291,364,89,625,464,2,,,2,truncation
133386,130,203,158,257,19,,,1,occlusion
133386,202,205,233,270,19,,,1,occlusion
133386,218,204,246,257,19,,,1,occlusion
133386,239,196,269,265,19,,,1,occlusion
133386,281,196,316,246,19,,,1,occlusion
133386,307,195,340,254,19,,,1,occlusion
133386,369,209,393,248,19,,,1,occlusion
133386,403,210,425,239,19,,,1,occlusion
133386,502,184,543,253,19,,,1,occlusion
133386,538,195,560,255,19,,,1,occlusion
134178,112,174,168,287,2,,,4,gray image
134178,152,142,243,263,2,,,4,gray image
134178,59,92,329,451,2,,,4,gray image
134178,76,43,442,625,2,,,4,gray image
134178,290,97,528,448,2,,,4,gray image
134178,100,169,171,253,2,,,4,gray image
134178,123,109,612,633,2,,,4,gray image
134178,164,164,205,217,2,,,4,gray image
134760,281,282,323,325,17,25,,1,occlusion
134760,324,303,350,325,17,25,,1,occlusion
134760,348,305,375,330,17,25,,1,occlusion
134760,393,297,406,317,17,25,,1,occlusion
134760,482,298,552,354,17,25,,1,occlusion
134760,368,182,399,234,17,25,,1,occlusion
134760,392,187,418,231,17,25,,1,occlusion
137297,119,28,504,443,28,,,2,truncation
137654,238,101,350,300,17,,,1,occlusion
139011,61,277,105,368,0,11,,1,occlusion
139011,278,249,336,403,0,11,,1,occlusion
139011,318,271,360,417,0,11,,1,occlusion
139011,371,279,405,418,0,11,,1,occlusion
139011,217,286,252,308,0,11,,1,occlusion
139011,135,282,177,399,0,11,,5,rare type
139011,94,281,120,365,0,11,,5,rare type
139011,112,277,142,327,0,11,,5,rare type
139011,190,284,228,408,0,11,,5,rare type
139011,404,270,458,414,0,11,,5,rare type
140987,68,135,355,407,2,,,2,truncation
140987,280,106,410,274,2,,,2,truncation
141574,9,64,64,81,18,,,1,occlusion
141574,457,115,477,140,18,,,1,occlusion
141574,401,127,432,151,18,,,1,occlusion
141574,379,135,411,172,18,,,1,occlusion
141574,129,173,168,215,18,,,1,occlusion
142346,153,165,199,219,17,25,,1,occlusion
142346,23,158,69,221,17,25,,1,occlusion
142564,78,166,210,338,2,,,1,occlusion
143024,331,100,411,181,2,,,2,truncation
145208,322,292,420,365,18,,,1,occlusion
145542,105,162,157,201,18,,,1,occlusion
146865,122,92,216,258,2,,,2,truncation
146865,182,80,287,279,2,,,2,truncation
147415,324,1,617,471,2,,,2,truncation
149783,250,82,396,285,2,,,2,truncation
149783,491,58,608,162,2,,,2,truncation
150361,262,6,400,290,28,,,2,truncation
151739,253,139,456,306,18,,,1,occlusion
151965,516,137,560,201,17,25,,5,rare type
153205,226,142,361,512,17,25,,1,occlusion
153300,6,4,129,177,2,,,1,occlusion
153300,111,4,476,247,2,,,1,occlusion
153300,446,1,620,215,2,,,1,occlusion
153563,232,4,506,232,2,,,1,occlusion
153563,242,11,638,406,2,,,1,occlusion
153563,0,8,225,148,2,,,1,occlusion
153976,406,29,466,132,19,,,1,occlusion
153976,472,53,542,116,19,,,1,occlusion
154154,269,163,328,242,19,,,1,occlusion
154816,380,30,551,304,28,,,2,truncation
155465,82,4,402,468,2,,,1,occlusion
156846,341,216,387,264,2,,,1,occlusion
156846,318,223,353,280,2,,,1,occlusion
156846,282,225,330,305,2,,,1,occlusion
156846,213,229,269,289,2,,,1,occlusion
156846,485,208,535,282,2,,,1,occlusion
156846,449,244,517,337,2,,,1,occlusion
156846,411,258,521,387,2,,,1,occlusion
157102,22,20,325,429,2,,,1,occlusion
157767,121,183,180,346,26,,,1,occlusion
157767,162,186,217,307,26,,,1,occlusion
157767,319,153,435,255,26,,,1,occlusion
158084,301,221,346,290,2,3,,1,occlusion
158084,341,212,381,331,2,3,,1,occlusion
158084,377,211,411,323,2,3,,1,occlusion
158084,248,218,296,288,2,3,,1,occlusion
161231,47,239,74,310,0,11,,1,occlusion
161635,21,110,59,176,18,,,1,occlusion
161635,136,167,168,195,18,,,1,occlusion
162021,154,135,220,312,19,,,1,occlusion
162021,226,148,284,308,19,,,1,occlusion
163033,46,18,440,617,10,,,5,rare type
163412,296,265,330,307,0,2,3,1,occlusion
163412,228,259,275,314,0,2,3,5,rare type
163710,105,43,360,342,2,,,2,truncation
163710,363,15,628,365,2,,,2,truncation
164330,519,8,634,299,2,7,26,1,occlusion
165174,562,156,593,201,17,25,,1,occlusion
165225,6,238,42,332,2,,,1,occlusion
165225,30,233,100,359,2,,,1,occlusion
165225,336,233,365,284,2,,,1,occlusion
165225,356,241,384,293,2,,,1,occlusion
165401,154,24,227,55,18,,,1,occlusion
168353,207,74,402,558,14,27,,5,rare type
168683,259,32,417,175,2,,,2,truncation
168683,8,9,170,293,2,,,2,truncation
169679,51,268,85,300,17,25,,1,occlusion
169679,14,281,44,315,17,25,,1,occlusion
170436,9,6,51,121,2,,,2,truncation
170436,68,4,126,128,2,,,2,truncation
170436,200,5,248,113,2,,,2,truncation
170436,264,5,329,131,2,,,2,truncation
171548,316,227,341,266,2,3,,1,occlusion
171548,365,222,386,256,2,3,,1,occlusion
171548,383,221,397,251,2,3,,1,occlusion
171548,331,229,355,264,2,3,,1,occlusion
171695,251,138,284,184,2,3,,1,occlusion
171695,179,145,211,186,2,3,,1,occlusion
171695,327,132,359,184,2,3,,1,occlusion
171695,352,131,389,170,2,3,,1,occlusion
171695,381,134,417,176,2,3,,1,occlusion
171695,104,201,136,234,2,3,,1,occlusion
172088,286,100,506,420,28,,,2,truncation
172513,284,66,369,282,14,27,,1,occlusion
175082,239,37,439,321,26,,,5,rare type
175102,6,161,50,226,2,,,1,occlusion
175102,124,12,575,467,2,,,1,occlusion
175825,8,274,169,361,18,,,1,occlusion
176017,179,137,265,345,7,26,,5,rare type
176017,263,149,350,322,7,26,,5,rare type
176017,350,122,462,345,7,26,,5,rare type
176901,566,84,588,109,17,25,,6,small scale
178317,326,233,344,256,17,25,,6,small scale
178317,346,222,376,262,17,25,,6,small scale
178370,147,7,220,154,2,,,2,truncation
178370,314,7,382,123,2,,,2,truncation
180539,349,131,389,236,17,25,,1,occlusion
180539,394,151,420,214,17,25,,1,occlusion
180539,456,162,477,216,17,25,,1,occlusion
180739,490,123,596,164,18,,,1,occlusion
181574,0,15,145,326,2,,,1,occlusion
182715,187,12,444,532,27,,,5,rare type
182923,56,32,263,429,28,,,2,truncation
183437,179,175,226,277,2,3,,1,occlusion
184746,23,2,533,307,2,,,1,occlusion
185036,168,176,199,228,17,25,,6,small scale
185036,200,175,218,205,17,25,,6,small scale
185201,170,55,407,339,27,,,5,rare type
186705,391,200,430,263,2,,,1,occlusion
186705,446,194,469,231,2,,,1,occlusion
189248,383,200,418,238,18,,,1,occlusion
189248,425,201,454,221,18,,,1,occlusion
189248,166,236,236,261,18,,,1,occlusion
189248,92,229,150,276,18,,,1,occlusion
189305,10,131,260,410,2,,,1,occlusion
189714,2,275,44,301,17,25,,1,occlusion
189714,167,254,185,277,17,25,,6,small scale
189714,183,253,201,274,17,25,,6,small scale
189714,201,254,227,276,17,25,,6,small scale
189714,347,278,366,290,17,25,,6,small scale
189714,398,280,422,297,17,25,,6,small scale
189714,447,297,466,312,17,25,,6,small scale
189714,524,299,551,315,17,25,,6,small scale
189766,479,112,507,167,17,25,,5,rare type
189766,505,113,533,157,17,25,,5,rare type
189766,530,107,557,161,17,25,,5,rare type
189766,53,118,87,168,17,,,6,small scale
190291,208,14,401,276,2,,,1,occlusion
190291,11,27,221,338,2,,,1,occlusion
191845,1,212,46,319,0,11,,1,occlusion
191845,261,162,335,265,0,11,,5,rare type
191845,4,136,62,218,0,11,,5,rare type
192039,109,8,405,337,2,,,1,occlusion
192838,94,12,184,98,18,,,1,occlusion
196565,219,183,256,231,18,,,1,occlusion
196565,552,214,582,242,18,,,1,occlusion
197219,26,59,315,394,2,,,4,gray image
197219,243,26,402,236,2,,,4,gray image
197219,340,22,488,174,2,,,4,gray image
197388,272,50,372,231,17,,,1,occlusion
198658,56,125,476,623,2,,,1,occlusion
200058,425,144,450,172,17,25,,6,small scale
200058,534,151,554,165,17,25,,6,small scale
200058,612,152,632,172,17,25,,6,small scale
201426,15,11,285,412,2,,,1,occlusion
201550,193,366,225,427,0,11,,1,occlusion
201550,89,389,119,443,0,11,,1,occlusion
201550,210,371,242,430,0,11,,5,rare type
203275,87,334,255,608,28,,,2,truncation
203781,578,178,627,258,17,25,,1,occlusion
203781,297,109,336,172,17,25,,1,occlusion
203781,191,115,302,454,17,25,,5,rare type
204549,182,7,600,276,2,,,1,occlusion
205811,42,41,122,166,2,,,1,occlusion
205811,88,29,141,85,2,,,1,occlusion
205811,118,19,183,89,2,,,1,occlusion
205811,190,61,296,302,2,,,1,occlusion
205811,271,42,344,134,2,,,1,occlusion
205811,330,52,385,177,2,,,1,occlusion
205811,338,57,446,195,2,,,1,occlusion
207611,172,83,213,226,0,11,,1,occlusion
207611,113,100,158,218,0,11,,1,occlusion
207844,229,260,268,316,2,9,,1,occlusion
207844,508,303,587,360,2,9,,5,rare type
207844,107,250,164,280,2,9,,5,rare type
208623,101,94,324,371,2,,,1,occlusion
208623,274,83,453,340,2,,,1,occlusion
209035,9,115,79,235,28,,,2,truncation
209829,396,220,443,267,18,,,1,occlusion
209829,553,233,604,265,18,,,1,occlusion
209989,152,439,185,472,17,25,,1,occlusion
209989,555,360,588,397,17,25,,6,small scale
209989,569,389,610,416,17,25,,6,small scale
209989,511,355,540,379,17,25,,6,small scale
210890,2,90,94,266,25,,,5,rare type
210890,5,27,38,102,25,,,5,rare type
211370,113,146,187,287,25,,,1,occlusion
212800,144,179,192,248,2,3,,1,occlusion
212800,255,166,290,195,2,3,,1,occlusion
212800,180,169,230,207,2,3,,5,rare type
212817,304,116,335,177,17,25,,1,occlusion
212817,350,111,393,184,17,25,,1,occlusion
212817,382,106,428,184,17,25,,1,occlusion
212817,437,118,467,178,17,25,,1,occlusion
212817,462,118,489,188,17,25,,1,occlusion
212817,473,123,515,199,17,25,,1,occlusion
212817,504,100,538,172,17,25,,1,occlusion
212817,532,100,577,181,17,25,,1,occlusion
213465,412,87,441,132,17,25,,6,small scale
213465,456,89,485,111,17,25,,6,small scale
213465,284,125,312,147,17,25,,6,small scale
213829,256,145,311,244,17,25,,1,occlusion
213829,260,130,350,420,17,25,,1,occlusion
213829,8,136,84,307,17,25,,1,occlusion
216096,398,17,428,41,18,,,1,occlusion
216096,64,91,109,126,18,,,1,occlusion
216296,217,118,394,387,28,,,2,truncation
216581,569,66,630,294,2,,,4,gray image
217223,133,225,182,342,17,,,1,occlusion
220382,46,207,70,232,17,25,,6,small scale
220382,88,178,113,207,17,25,,6,small scale
220607,12,152,45,196,2,,,1,occlusion
220607,114,158,143,211,2,,,1,occlusion
220607,141,163,216,252,2,,,1,occlusion
220607,184,151,245,206,2,,,1,occlusion
220607,444,169,509,253,2,,,1,occlusion
220607,484,173,513,211,2,,,1,occlusion
220607,46,149,70,182,2,,,5,rare type
220607,44,156,92,226,2,,,5,rare type
220607,133,149,159,182,2,,,5,rare type
220607,373,165,399,183,2,,,6,small scale
221282,151,76,380,597,14,,,5,rare type
221282,368,134,425,223,14,,,5,rare type
222468,48,378,68,402,2,,,6,small scale
222468,93,392,116,417,2,,,6,small scale
222468,148,391,174,423,2,,,6,small scale
222468,289,390,312,410,2,,,6,small scale
222468,254,391,284,420,2,,,6,small scale
226119,209,242,267,294,2,,,1,occlusion
227204,10,83,224,374,2,,,1,occlusion
227204,194,110,378,347,2,,,1,occlusion
227204,456,114,630,440,2,,,1,occlusion
228300,189,33,295,346,2,,,1,occlusion
228300,271,27,368,343,2,,,1,occlusion
228350,378,243,419,296,2,,,6,small scale
228350,410,243,436,286,2,,,6,small scale
228350,431,240,473,298,2,,,6,small scale
228350,84,226,135,278,2,,,6,small scale
229067,18,78,97,235,17,25,,1,occlusion
229067,46,20,114,124,17,25,,1,occlusion
229067,147,17,195,107,17,25,,1,occlusion
229984,250,127,406,320,28,,,2,truncation
232241,439,195,467,241,17,25,,6,small scale
232241,263,209,284,225,17,25,,6,small scale
235130,213,128,262,244,17,,,1,occlusion
235130,447,123,494,262,17,,,1,occlusion
235278,59,10,161,66,2,,,1,occlusion
235278,291,19,385,109,2,,,1,occlusion
235278,382,30,482,195,2,,,5,rare type
235278,491,21,632,186,2,,,5,rare type
235278,13,47,201,184,2,,,5,rare type
238472,493,10,518,60,17,25,,6,small scale
238691,14,69,141,333,2,,,5,rare type
238691,229,185,386,377,2,9,,5,rare type
240727,7,69,252,258,2,,,2,truncation
240950,24,136,162,343,2,7,26,5,rare type
240950,191,79,262,187,7,26,,5,rare type
240950,260,112,339,194,7,26,,5,rare type
240950,334,80,407,156,7,26,,5,rare type
240950,401,97,509,240,7,26,,5,rare type
243482,191,119,339,306,7,26,21,1,occlusion
243482,270,129,369,271,7,26,21,1,occlusion
243482,342,114,447,260,7,26,21,1,occlusion
243482,371,134,607,411,7,26,21,1,occlusion
245182,417,13,529,374,17,,,1,occlusion
245182,514,1,598,80,17,,,1,occlusion
245227,10,69,62,164,17,25,,1,occlusion
245227,470,52,513,138,17,25,,1,occlusion
245227,525,52,553,118,17,25,,1,occlusion
245227,225,53,246,86,17,25,,6,small scale
245227,412,57,433,84,17,25,,6,small scale
245295,363,94,474,208,2,,,1,occlusion
245295,421,97,609,293,2,,,1,occlusion
245295,541,116,634,325,2,,,1,occlusion
245313,443,168,506,329,17,25,,1,occlusion
245313,266,166,324,206,17,25,,1,occlusion
245313,277,192,330,291,17,25,,1,occlusion
245313,260,193,288,273,17,25,,1,occlusion
245313,4,210,58,260,17,25,,1,occlusion
247259,16,177,112,264,2,,,1,occlusion
247692,252,104,291,140,17,,,1,occlusion
247692,295,110,333,144,17,,,1,occlusion
247692,314,120,352,165,17,,,1,occlusion
247692,357,128,393,178,17,,,1,occlusion
247839,278,182,369,286,2,,,1,occlusion
247839,517,201,548,272,2,,,6,small scale
247839,334,181,390,241,2,,,6,small scale
247839,511,149,539,174,2,,,6,small scale
247839,529,161,570,180,2,,,6,small scale
247839,528,171,563,198,2,,,6,small scale
247839,470,161,501,189,2,,,6,small scale
247839,413,175,445,215,2,,,6,small scale
247839,438,168,467,196,2,,,6,small scale
247839,9,236,211,470,21,0,,3,transparency
248353,212,182,236,214,17,25,,6,small scale
248353,131,181,152,201,17,25,,6,small scale
248353,115,181,135,204,17,25,,6,small scale
249180,123,208,211,408,10,,,1,occlusion
250309,153,207,257,515,28,,,2,truncation
251580,145,257,272,605,28,,,2,truncation
252701,299,24,366,74,18,,,1,occlusion
254368,11,66,388,497,9,,,4,gray image
255708,405,194,437,236,17,25,,6,small scale
255708,388,181,417,232,17,25,,6,small scale
255708,296,194,325,236,17,25,,6,small scale
255708,161,192,207,247,17,25,,6,small scale
255708,33,195,81,239,17,25,,6,small scale
256145,196,166,248,358,17,,,1,occlusion
256145,291,160,331,355,17,,,1,occlusion
256145,373,174,411,346,17,,,1,occlusion
256145,431,168,478,343,17,,,1,occlusion
256145,488,171,551,340,17,,,1,occlusion
256145,62,131,149,352,17,,,1,occlusion
256145,179,90,215,168,17,,,1,occlusion
256145,233,67,272,170,17,,,1,occlusion
256145,296,88,341,170,17,,,1,occlusion
256145,344,93,391,184,17,,,1,occlusion
256529,379,145,445,212,0,11,,1,occlusion
256529,371,134,408,193,0,11,,1,occlusion
256529,328,147,370,201,0,11,,1,occlusion
256529,352,142,387,174,0,11,,1,occlusion
256529,293,143,341,211,0,11,,1,occlusion
256529,15,159,78,374,0,11,,1,occlusion
256529,527,131,579,205,0,11,,1,occlusion
256529,587,145,627,269,0,11,,5,rare type
256903,230,46,318,241,25,,,1,occlusion
256903,481,173,533,280,25,,,1,occlusion
256903,543,192,592,278,25,,,1,occlusion
256903,594,205,632,277,25,,,1,occlusion
256903,275,32,299,57,17,25,,6,small scale
256903,392,0,415,18,17,25,,6,small scale
256903,557,2,576,16,17,25,,6,small scale
256903,595,34,617,65,17,25,,6,small scale
257992,61,214,121,285,28,,,2,truncation
258243,411,130,477,312,2,,,1,occlusion
258243,456,121,528,178,2,,,1,occlusion
259099,122,267,148,299,17,25,,6,small scale
259099,513,281,537,309,17,25,,6,small scale
259761,11,234,138,408,2,,,1,occlusion
259761,409,210,552,412,2,,,1,occlusion
261292,22,191,46,245,17,,,1,occlusion
261292,31,179,50,205,17,,,1,occlusion
261292,49,159,77,243,17,,,1,occlusion
261292,72,184,94,245,17,,,1,occlusion
261292,89,175,117,250,17,,,1,occlusion
261292,119,174,145,239,17,,,1,occlusion
261292,134,184,170,266,17,,,1,occlusion
261292,159,178,185,253,17,,,1,occlusion
261292,194,181,222,247,17,,,1,occlusion
261292,235,181,263,245,17,,,1,occlusion
261292,224,232,271,270,17,,,1,occlusion
261292,293,185,322,269,17,,,1,occlusion
261292,329,189,367,269,17,,,1,occlusion
261292,360,187,396,270,17,,,1,occlusion
261292,410,181,460,298,17,,,1,occlusion
261292,441,176,466,287,17,,,1,occlusion
261487,339,47,406,177,28,,,2,truncation
261487,402,52,471,176,28,,,2,truncation
262873,4,195,43,266,17,25,,1,occlusion
263586,221,9,506,456,28,,,2,truncation
265462,388,44,474,222,19,8,,5,rare type
265462,430,115,486,218,19,8,,5,rare type
265464,327,51,397,97,18,,,1,occlusion
265464,366,80,413,116,18,,,1,occlusion
265719,19,26,462,477,2,,,1,occlusion
267123,147,54,211,155,17,25,,1,occlusion
267123,221,37,278,144,17,25,,1,occlusion
267123,303,46,360,163,17,25,,1,occlusion
267123,362,55,428,148,17,25,,1,occlusion
267123,569,142,625,359,17,25,,1,occlusion
267123,449,112,502,356,17,25,,1,occlusion
267123,433,158,503,376,17,25,,1,occlusion
267123,336,146,398,389,17,25,,1,occlusion
267709,69,103,303,406,25,,,2,truncation
267802,480,258,520,300,0,2,3,1,occlusion
267802,529,253,560,287,0,2,3,5,rare type
268378,101,116,180,269,2,,,1,occlusion
268378,215,121,294,220,2,,,1,occlusion
268378,362,117,451,244,2,,,1,occlusion
268378,377,122,512,283,2,,,1,occlusion
272678,536,51,631,220,2,,,1,occlusion
272678,518,8,564,58,2,,,1,occlusion
273155,272,185,578,546,28,,,2,truncation
273586,535,90,588,128,18,,,1,occlusion
273586,218,261,316,312,18,,,1,occlusion
273855,381,52,625,306,2,,,1,occlusion
274066,421,48,500,127,18,,,1,occlusion
276638,384,220,401,245,17,25,,6,small scale
277991,61,129,140,293,2,,,1,occlusion
277991,149,118,210,227,2,,,1,occlusion
277991,174,103,238,263,2,,,1,occlusion
277991,202,103,273,199,2,,,1,occlusion
277991,351,90,397,200,2,,,1,occlusion
277991,375,110,448,224,2,,,1,occlusion
278742,127,156,169,217,2,,,1,occlusion
278742,153,142,189,187,2,,,1,occlusion
278742,170,139,194,171,2,,,1,occlusion
278742,190,144,235,176,2,,,1,occlusion
278742,220,141,269,210,2,,,5,rare type
279030,91,25,329,552,28,,,2,truncation
281409,341,117,569,404,28,,,2,truncation
281679,324,174,409,294,2,,,1,occlusion
281679,488,167,558,249,2,,,1,occlusion
281679,525,204,596,273,2,,,1,occlusion
281679,581,180,636,269,2,,,1,occlusion
281725,434,37,546,105,25,,,1,occlusion
286036,353,154,384,217,17,25,,1,occlusion
286036,380,134,409,171,17,25,,1,occlusion
286036,421,113,451,170,17,25,,1,occlusion
286036,454,116,482,142,17,25,,1,occlusion
286036,581,97,605,148,17,25,,6,small scale
286036,569,102,591,142,17,25,,6,small scale
286036,538,105,563,146,17,25,,6,small scale
286036,554,101,577,139,17,25,,6,small scale
286036,498,110,521,150,17,25,,6,small scale
286036,481,107,510,158,17,25,,6,small scale
289474,22,364,68,422,17,25,,1,occlusion
289474,225,320,252,369,17,25,,1,occlusion
289474,279,317,302,361,17,25,,1,occlusion
289474,317,323,335,386,17,25,,1,occlusion
289474,344,316,368,353,17,25,,1,occlusion
289474,395,316,418,375,17,25,,1,occlusion
289474,472,313,497,392,17,25,,1,occlusion
289474,161,309,182,339,17,25,,6,small scale
290196,459,255,490,316,17,25,,1,occlusion
290196,374,213,396,242,17,25,,6,small scale
290196,458,223,483,255,17,25,,6,small scale
290196,484,241,507,278,17,25,,6,small scale
290798,169,124,207,179,2,3,,5,rare type
290798,220,109,264,173,2,3,,5,rare type
293548,125,66,445,466,21,0,,3,transparency
293548,10,132,288,472,21,0,,3,transparency
293811,105,265,177,353,28,,,2,truncation
294032,254,150,359,399,2,,,1,occlusion
294032,6,145,57,346,2,,,1,occlusion
294032,535,165,630,331,2,,,1,occlusion
295124,72,92,163,243,17,,,1,occlusion
295124,244,108,333,245,17,,,1,occlusion
295316,89,193,136,229,18,,,1,occlusion
295316,349,238,439,268,18,,,1,occlusion
295472,243,270,342,381,2,,,1,occlusion
295472,61,260,139,347,2,,,1,occlusion
295472,297,267,364,362,2,,,1,occlusion
296072,200,362,255,401,18,,,1,occlusion
296072,407,391,459,441,18,,,1,occlusion
296072,330,13,400,28,18,,,6,small scale
296072,306,73,345,102,18,,,6,small scale
296072,413,47,435,82,18,,,6,small scale
296072,425,54,452,83,18,,,6,small scale
296072,527,75,562,113,18,,,6,small scale
296072,612,26,637,42,18,,,6,small scale
296731,97,341,144,389,17,25,,1,occlusion
296731,282,242,322,320,17,,,1,occlusion
300403,132,110,202,222,2,,,1,occlusion
300403,4,115,48,169,2,,,1,occlusion
300403,194,106,313,293,2,,,1,occlusion
300403,5,113,87,349,2,,,1,occlusion
300403,382,91,480,358,2,,,1,occlusion
301305,393,160,488,241,2,,,1,occlusion
301305,290,133,373,231,2,,,1,occlusion
301305,186,78,299,251,2,,,1,occlusion
301305,7,80,239,309,2,,,1,occlusion
306139,357,213,570,416,2,,,1,occlusion
306139,275,107,358,219,2,,,1,occlusion
306139,329,110,442,235,2,,,1,occlusion
306139,463,126,601,286,2,,,1,occlusion
306335,265,63,411,369,28,,,2,truncation
306426,38,11,480,415,27,,,5,rare type
307342,323,171,344,205,17,25,,1,occlusion
307342,270,206,296,244,17,25,,1,occlusion
307342,205,204,232,231,17,25,,6,small scale
307342,165,138,187,163,17,25,,6,small scale
307342,112,152,137,174,17,25,,6,small scale
307342,116,184,131,201,17,25,,6,small scale
307342,398,229,416,245,17,25,,6,small scale
307342,473,109,497,129,17,25,,6,small scale
307342,503,110,523,131,17,25,,6,small scale
307342,547,115,563,129,17,25,,6,small scale
307342,558,239,573,253,17,25,,6,small scale
307342,568,236,583,249,17,25,,6,small scale
308278,182,175,219,205,17,25,,1,occlusion
308278,343,134,365,180,17,25,,1,occlusion
308278,361,152,380,176,17,25,,1,occlusion
308278,469,130,495,213,17,25,,1,occlusion
308487,115,45,182,173,21,0,,3,transparency
308487,182,37,252,173,21,0,,3,transparency
308487,291,39,354,186,21,0,,3,transparency
313922,282,79,404,278,2,3,,1,occlusion
315249,110,76,144,111,18,,,1,occlusion
315249,373,212,457,250,18,,,1,occlusion
319579,129,146,195,237,2,,,1,occlusion
319579,187,138,250,224,2,,,1,occlusion
319579,232,127,303,208,2,,,1,occlusion
319579,296,130,361,218,2,,,1,occlusion
319908,115,256,145,349,17,25,,5,rare type
319908,143,269,187,342,17,25,,5,rare type
319908,290,247,326,292,17,25,,5,rare type
320524,228,451,304,539,28,,,2,truncation
320524,167,491,234,544,13,,,2,truncation
321886,432,228,459,262,0,2,3,6,small scale
321886,570,221,588,263,0,2,3,6,small scale
323231,282,144,313,187,17,25,,6,small scale
323895,318,16,478,227,28,,,2,truncation
324527,130,5,200,42,18,,,1,occlusion
324891,238,86,390,325,28,,,2,truncation
324891,77,176,229,350,13,,,2,truncation
325228,24,85,192,449,28,,,2,truncation
325228,431,85,596,490,28,,,2,truncation
325347,268,65,468,300,28,,,2,truncation
326168,322,241,363,300,0,2,3,1,occlusion
326168,249,238,297,321,0,2,3,1,occlusion
326168,385,248,415,285,0,2,3,1,occlusion
327255,226,170,253,198,17,25,,6,small scale
327255,264,169,288,202,17,25,,6,small scale
327255,272,167,296,199,17,25,,6,small scale
327255,358,170,376,202,17,25,,6,small scale
327255,383,168,400,197,17,25,,6,small scale
327255,394,171,411,198,17,25,,6,small scale
327255,416,170,433,208,17,25,,6,small scale
327255,432,166,452,214,17,25,,6,small scale
327255,446,163,461,208,17,25,,6,small scale
327255,459,166,479,204,17,25,,6,small scale
327255,471,166,491,202,17,25,,6,small scale
327255,489,172,500,199,17,25,,6,small scale
327255,506,172,517,196,17,25,,6,small scale
327255,522,176,533,201,17,25,,6,small scale
331289,307,199,350,272,0,2,3,1,occlusion
331289,121,201,169,292,0,2,3,1,occlusion
331289,160,193,200,272,0,2,3,1,occlusion
331289,214,196,237,248,0,2,3,1,occlusion
331289,58,207,87,263,0,2,3,1,occlusion
332074,384,81,420,185,17,25,,1,occlusion
332074,427,97,444,174,17,25,,1,occlusion
332074,426,117,451,200,17,25,,1,occlusion
332074,447,116,482,230,17,25,,1,occlusion
332074,490,118,522,230,17,25,,1,occlusion
332074,510,106,545,198,17,25,,1,occlusion
332074,268,87,319,250,17,25,,1,occlusion
332074,111,59,206,266,17,25,,1,occlusion
332074,321,100,359,161,17,25,,1,occlusion
333095,3,133,42,186,2,,,1,occlusion
333095,19,130,68,176,2,,,1,occlusion
333095,45,131,115,244,2,,,1,occlusion
333095,92,128,157,199,2,,,1,occlusion
333095,176,121,228,171,2,,,1,occlusion
333095,218,122,285,225,2,,,1,occlusion
333095,379,134,418,188,2,,,1,occlusion
333095,365,151,415,237,2,,,1,occlusion
333095,381,160,433,240,2,,,1,occlusion
333095,166,152,278,242,2,,,1,occlusion
334185,346,157,389,206,17,25,,1,occlusion
334185,231,201,266,257,17,25,,1,occlusion
334767,435,48,498,181,17,,,5,rare type
334769,24,79,288,628,28,,,2,truncation
335325,47,131,84,186,17,25,,1,occlusion
335325,1,154,22,185,17,25,,1,occlusion
335325,27,154,67,207,17,25,,1,occlusion
338905,183,139,238,191,2,,,1,occlusion
338905,196,125,223,153,2,,,1,occlusion
338905,248,141,285,188,2,,,1,occlusion
338905,261,156,300,214,2,,,1,occlusion
338905,289,170,336,230,2,,,1,occlusion
338905,332,175,397,279,2,,,1,occlusion
338905,127,143,171,177,2,,,1,occlusion
338905,269,229,393,352,2,,,1,occlusion
338905,381,218,469,352,2,,,1,occlusion
338905,320,191,405,295,2,,,1,occlusion
338948,9,262,38,394,2,,,1,occlusion
338948,22,260,95,383,2,,,1,occlusion
338948,69,255,122,356,2,,,1,occlusion
338948,107,244,164,372,2,,,1,occlusion
338948,243,249,274,298,2,,,1,occlusion
339177,48,177,84,216,2,,,6,small scale
339177,76,171,131,212,2,,,5,rare type
339676,213,378,344,421,18,,,1,occlusion
341196,418,103,452,138,18,,,1,occlusion
341196,439,92,469,125,18,,,1,occlusion
341318,2,288,62,413,18,,,1,occlusion
341719,364,257,400,312,17,25,,1,occlusion
341719,351,257,378,311,17,25,,1,occlusion
341719,401,255,416,291,17,25,,6,small scale
341719,407,254,425,284,17,25,,6,small scale
344878,371,130,483,246,28,,,2,truncation
344878,31,214,142,416,28,,,2,truncation
344878,214,163,337,279,13,,,2,truncation
346934,273,185,359,357,28,,,2,truncation
349697,58,8,129,125,18,,,1,occlusion
350267,51,153,94,199,2,,,1,occlusion
350267,106,157,153,201,2,,,1,occlusion
350267,163,154,192,208,2,,,1,occlusion
350267,205,153,233,194,2,,,1,occlusion
350267,233,205,261,259,2,,,1,occlusion
350267,260,207,302,262,2,,,1,occlusion
350267,291,213,354,288,2,,,1,occlusion
350267,378,231,447,326,2,,,1,occlusion
350267,367,223,395,270,2,,,1,occlusion
350267,459,220,501,293,2,,,1,occlusion
350267,257,241,333,353,2,,,1,occlusion
350267,182,214,270,301,2,,,1,occlusion
350614,532,210,567,237,18,,,1,occlusion
350840,609,146,639,179,18,,,1,occlusion
350855,22,185,137,411,2,,,1,occlusion
350855,128,188,216,411,2,,,1,occlusion
350855,189,182,266,397,2,,,1,occlusion
352361,60,398,158,460,17,25,,1,occlusion
352361,235,403,287,456,17,25,,1,occlusion
352361,282,398,337,458,17,25,,1,occlusion
352681,274,178,347,323,17,,,1,occlusion
352681,390,288,455,326,17,25,,1,occlusion
352681,478,228,540,312,17,25,,1,occlusion
352681,573,241,636,318,17,25,,1,occlusion
352729,106,17,193,97,18,,,1,occlusion
353593,268,149,330,265,18,,,1,occlusion
353593,311,143,384,273,18,,,1,occlusion
354736,174,68,220,218,17,25,,1,occlusion
354736,189,70,273,288,17,25,,5,rare type
355785,358,123,604,483,28,,,2,truncation
356424,254,161,332,394,2,,,1,occlusion
356424,295,111,472,404,2,,,1,occlusion
356424,20,63,314,441,2,,,1,occlusion
357279,13,150,85,322,25,,,1,occlusion
357279,92,154,167,354,25,,,1,occlusion
357279,317,321,347,351,25,,,1,occlusion
357279,351,327,379,356,25,,,1,occlusion
360143,191,319,255,351,18,,,1,occlusion
360767,134,164,167,220,2,3,,1,occlusion
360767,157,174,189,224,2,3,,1,occlusion
360767,222,257,267,321,2,3,,1,occlusion
360767,225,245,259,295,2,3,,1,occlusion
360767,207,210,239,280,2,3,,1,occlusion
361819,192,25,232,121,17,25,,1,occlusion
361819,232,38,263,94,17,25,,1,occlusion
361819,256,24,299,82,17,25,,1,occlusion
361819,283,74,319,147,17,25,,1,occlusion
361819,319,40,352,92,17,25,,1,occlusion
361819,344,31,386,92,17,25,,1,occlusion
361819,441,26,474,95,17,25,,1,occlusion
361819,476,30,508,96,17,25,,1,occlusion
361819,539,22,574,77,17,25,,1,occlusion
361819,587,22,617,96,17,25,,1,occlusion
361819,470,76,529,216,17,25,,1,occlusion
361919,2,346,16,379,17,25,,6,small scale
361919,18,350,37,385,17,25,,6,small scale
361919,50,339,69,365,17,25,,6,small scale
361919,104,342,123,359,17,25,,6,small scale
361919,88,357,109,381,17,25,,6,small scale
361919,107,352,125,372,17,25,,6,small scale
361919,150,333,172,352,17,25,,6,small scale
361919,141,355,162,385,17,25,,6,small scale
361919,170,346,191,372,17,25,,6,small scale
361919,189,344,212,379,17,25,,6,small scale
361919,204,328,227,347,17,25,,6,small scale
361919,329,313,344,335,17,25,,6,small scale
361919,390,310,409,328,17,25,,6,small scale
361919,443,321,477,387,17,25,,6,small scale
361919,417,303,433,325,17,25,,6,small scale
361919,435,304,453,321,17,25,,6,small scale
361919,448,305,465,323,17,25,,6,small scale
362005,127,105,161,165,19,,,1,occlusion
362005,383,94,445,198,19,,,5,rare type
365217,337,138,444,275,28,,,2,truncation
365983,110,273,144,309,17,25,,1,occlusion
365993,402,87,430,134,17,25,,1,occlusion
365993,418,81,449,129,17,25,,1,occlusion
365993,522,35,551,72,17,25,,1,occlusion
365993,479,11,507,51,17,25,,1,occlusion
365993,575,46,597,82,17,25,,6,small scale
365993,583,20,606,62,17,25,,6,small scale
365993,538,6,568,55,17,25,,6,small scale
367095,537,95,596,192,2,,,1,occlusion
367095,152,99,207,151,2,,,1,occlusion
367429,369,121,419,289,0,11,,5,rare type
367429,429,125,495,294,0,11,,5,rare type
367429,489,122,531,281,0,11,,5,rare type
368671,216,223,324,475,17,,,2,truncation
371241,160,74,243,247,25,,,1,occlusion
371241,563,127,633,331,25,,,1,occlusion
371322,531,275,555,307,18,,,1,occlusion
371322,488,276,521,310,18,,,6,small scale
372067,465,114,513,145,18,,,1,occlusion
372067,159,88,279,150,18,,,1,occlusion
372577,183,108,342,512,28,,,2,truncation
372654,23,44,91,95,2,,,1,occlusion
372654,81,40,133,73,2,,,1,occlusion
372654,141,33,177,71,2,,,1,occlusion
372654,168,44,201,89,2,,,1,occlusion
372654,192,50,232,144,2,,,1,occlusion
372654,221,49,265,93,2,,,1,occlusion
372654,212,68,339,168,2,,,1,occlusion
372654,286,39,312,69,2,,,1,occlusion
372654,298,43,325,90,2,,,1,occlusion
372654,321,42,349,85,2,,,1,occlusion
372654,365,45,403,83,2,,,1,occlusion
372654,366,58,432,154,2,,,1,occlusion
372654,414,54,446,104,2,,,1,occlusion
375021,182,91,374,426,28,,,2,truncation
376123,452,158,577,250,12,,,2,truncation
376123,24,111,96,169,13,,,2,truncation
376246,46,84,112,192,25,,,1,occlusion
376246,197,103,266,196,25,,,1,occlusion
376322,7,197,86,380,2,,,1,occlusion
376322,51,220,108,325,2,,,1,occlusion
376322,96,229,134,268,2,,,1,occlusion
376322,116,227,145,264,2,,,1,occlusion
376322,200,224,234,276,2,,,1,occlusion
376322,212,213,286,309,2,,,1,occlusion
376322,256,222,314,338,2,,,1,occlusion
376322,280,214,346,338,2,,,1,occlusion
376322,317,169,410,376,2,,,1,occlusion
376322,371,166,466,404,2,,,1,occlusion
376900,71,169,239,605,28,,,2,truncation
380734,5,231,185,476,7,26,,1,occlusion
380734,184,232,324,365,2,7,26,1,occlusion
380734,323,213,393,295,2,7,26,1,occlusion
380734,394,227,468,422,2,7,26,1,occlusion
380734,443,215,505,268,2,7,26,1,occlusion
380734,507,208,577,371,2,7,26,1,occlusion
380734,559,202,610,322,2,7,26,1,occlusion
381032,245,346,401,602,28,,,2,truncation
382125,42,154,146,293,2,,,1,occlusion
382125,104,156,170,245,2,,,1,occlusion
382125,0,153,43,245,2,,,1,occlusion
382125,353,181,428,281,2,,,1,occlusion
382125,494,150,619,313,2,,,1,occlusion
382125,575,169,632,270,2,,,1,occlusion
382801,608,162,638,197,17,25,,6,small scale
383826,314,188,357,234,18,,,1,occlusion
387776,203,142,224,160,17,25,,6,small scale
387776,142,176,168,201,17,25,,6,small scale
387776,274,209,297,240,17,25,,6,small scale
387776,4,280,23,294,17,25,,6,small scale
387776,3,293,14,307,17,25,,6,small scale
388858,466,170,572,232,18,,,1,occlusion
391225,427,185,457,209,18,,,1,occlusion
393271,21,166,61,216,17,25,,1,occlusion
393271,3,154,17,188,17,25,,6,small scale
394533,145,117,195,195,19,,,1,occlusion
394533,546,205,575,241,19,,,6,small scale
394533,573,209,598,247,19,,,6,small scale
394533,616,219,627,249,19,,,6,small scale
394533,595,217,615,245,19,,,5,rare type
394724,360,378,615,611,18,,,1,occlusion
395182,29,179,55,225,17,25,,1,occlusion
395182,251,159,272,186,17,25,,6,small scale
396369,136,98,226,184,2,,,1,occlusion
396369,232,102,303,167,2,,,1,occlusion
396369,313,108,359,173,2,,,1,occlusion
396369,364,114,458,221,2,,,1,occlusion
396369,120,129,309,350,2,,,1,occlusion
396369,28,163,242,404,2,,,1,occlusion
396369,339,137,396,200,2,,,1,occlusion
396997,339,87,512,378,28,,,2,truncation
396997,108,194,253,371,13,,,2,truncation
398505,98,35,144,63,18,,,1,occlusion
398505,188,180,245,241,18,,,1,occlusion
398505,47,171,193,247,18,,,1,occlusion
400538,162,95,219,186,2,,,1,occlusion
400538,247,100,279,150,2,,,1,occlusion
400538,264,110,316,206,2,,,1,occlusion
400538,455,114,478,159,2,,,1,occlusion
400538,69,138,155,229,2,,,1,occlusion
400538,279,139,357,229,2,,,1,occlusion
404373,476,155,624,381,28,,,2,truncation
404464,85,205,115,236,25,,,6,small scale
404546,290,234,303,256,17,25,,6,small scale
404546,325,235,343,247,17,25,,6,small scale
404718,154,142,177,182,0,2,3,1,occlusion
404718,231,144,254,189,0,2,3,6,small scale
404718,246,138,268,169,0,2,3,6,small scale
407903,273,91,343,125,18,,,1,occlusion
407903,374,88,471,205,18,,,1,occlusion
408049,223,212,254,274,17,25,,1,occlusion
408049,240,220,277,261,17,25,,1,occlusion
408049,359,204,389,259,17,25,,1,occlusion
408049,379,211,405,268,17,25,,1,occlusion
408049,409,216,426,237,17,25,,6,small scale
408049,424,214,446,245,17,25,,6,small scale
408049,439,214,462,241,17,25,,6,small scale
408049,486,212,506,236,17,25,,6,small scale
408049,513,215,528,232,17,25,,6,small scale
408049,527,213,548,233,17,25,,6,small scale
408049,603,211,621,232,17,25,,6,small scale
408746,431,183,470,217,18,,,1,occlusion
409016,44,76,269,581,28,,,2,truncation
409303,140,297,169,321,17,25,,6,small scale
409572,372,108,406,192,17,25,,1,occlusion
409572,467,126,503,168,17,25,,1,occlusion
409572,273,100,311,159,17,25,,1,occlusion
409572,161,107,203,160,17,25,,1,occlusion
409572,126,91,154,136,17,25,,1,occlusion
409572,522,86,559,204,17,25,,1,occlusion
409667,182,160,357,384,13,,,2,truncation
410328,84,98,313,470,28,,,2,truncation
410328,300,284,476,535,13,,,2,truncation
410496,41,81,251,622,28,,,2,truncation
411303,62,220,146,310,2,,,1,occlusion
411303,5,239,69,351,2,,,1,occlusion
411303,154,234,211,302,2,,,1,occlusion
411303,299,222,348,287,2,,,1,occlusion
411303,312,243,371,343,2,,,1,occlusion
411303,558,238,613,298,2,,,1,occlusion
411303,486,238,563,323,2,,,1,occlusion
411530,373,292,408,338,17,25,,1,occlusion
411530,400,286,420,343,17,25,,1,occlusion
411530,414,288,431,344,17,25,,1,occlusion
411530,421,290,443,340,17,25,,1,occlusion
411530,472,296,497,335,17,25,,1,occlusion
411530,492,293,518,366,17,25,,1,occlusion
411530,518,287,536,309,17,25,,1,occlusion
411530,331,295,354,340,17,25,,6,small scale
411530,367,287,393,340,17,25,,6,small scale
411642,226,79,436,297,28,,,2,truncation
411642,69,119,185,266,13,,,2,truncation
411768,170,95,470,623,28,,,2,truncation
413955,344,220,513,414,28,,,2,truncation
413955,124,261,283,417,13,,,2,truncation
415885,38,49,447,591,28,,,2,truncation
416478,191,151,227,203,2,,,1,occlusion
416478,212,151,252,197,2,,,1,occlusion
416478,237,141,302,204,2,,,1,occlusion
416478,303,135,329,163,2,,,1,occlusion
416478,345,134,377,159,2,,,1,occlusion
416478,440,136,485,180,2,,,1,occlusion
416478,155,182,247,289,2,,,1,occlusion
416478,53,185,189,299,2,,,1,occlusion
416478,492,163,590,368,2,,,1,occlusion
416478,580,161,625,221,2,,,1,occlusion
417339,40,256,75,316,17,25,,1,occlusion
417339,132,270,159,321,17,25,,1,occlusion
417339,171,252,205,314,17,25,,1,occlusion
417339,393,258,425,324,17,25,,1,occlusion
417339,441,241,474,332,17,25,,1,occlusion
417339,7,229,38,268,17,25,,6,small scale
421060,88,74,108,94,17,25,,6,small scale
421060,139,55,152,75,17,25,,6,small scale
421060,271,42,288,53,17,25,,6,small scale
421060,330,20,343,36,17,25,,6,small scale
421060,396,16,410,37,17,25,,6,small scale
421360,106,156,317,355,2,26,,1,occlusion
421535,374,81,466,239,17,25,,1,occlusion
421535,274,88,298,119,17,25,,6,small scale
421535,245,101,281,162,17,25,,6,small scale
422893,449,147,511,197,18,,,1,occlusion
423894,156,225,312,512,28,,,2,truncation
424247,200,323,291,380,2,,,1,occlusion
424247,248,281,292,315,2,,,1,occlusion
424247,470,285,519,329,2,,,1,occlusion
424247,396,280,445,343,2,,,1,occlusion
424247,286,314,353,375,2,,,1,occlusion
426453,73,48,496,408,28,,,2,truncation
427901,231,269,307,352,28,,,2,truncation
428140,71,96,229,484,28,,,2,truncation
429913,135,238,206,344,28,,,2,truncation
430302,70,167,115,194,18,,,1,occlusion
431256,327,186,342,210,17,25,,6,small scale
431256,350,186,367,212,17,25,,6,small scale
431738,47,127,262,498,28,,,2,truncation
431854,163,227,378,508,28,,,2,truncation
432657,384,275,462,419,28,,,2,truncation
432657,462,329,542,418,13,,,2,truncation
433103,405,75,487,370,2,,,1,occlusion
433103,471,66,537,352,2,,,1,occlusion
433103,571,44,627,244,2,,,1,occlusion
433103,273,58,438,407,2,,,1,occlusion
433676,288,171,383,367,17,25,,1,occlusion
433676,491,143,575,298,17,25,,1,occlusion
433676,579,128,636,286,17,25,,1,occlusion
433676,52,158,159,421,17,25,,2,truncation
434657,241,221,287,247,18,,,1,occlusion
434700,374,96,526,314,28,,,2,truncation
436203,198,162,239,219,17,25,,1,occlusion
436582,168,123,407,407,28,,,2,truncation
436636,385,177,429,217,18,,,1,occlusion
436636,537,154,588,215,18,,,1,occlusion
437262,311,253,330,299,17,25,,1,occlusion
437262,301,241,319,266,17,25,,6,small scale
437262,323,244,343,271,17,25,,6,small scale
437262,430,245,454,265,17,25,,6,small scale
437262,518,244,535,274,17,25,,6,small scale
437262,531,242,551,262,17,25,,6,small scale
437262,34,243,59,271,17,25,,6,small scale
439092,46,269,78,300,17,25,,6,small scale
439770,525,138,561,182,18,,,1,occlusion
440358,8,415,41,446,17,25,,6,small scale
440358,257,415,299,461,17,25,,6,small scale
440387,413,309,458,355,17,25,,1,occlusion
440387,488,315,524,355,17,25,,1,occlusion
440387,222,320,251,367,17,25,,1,occlusion
440387,391,334,420,367,17,25,,6,small scale
440387,241,338,260,369,17,25,,6,small scale
440387,209,341,230,357,17,25,,6,small scale
440387,175,341,197,365,17,25,,6,small scale
440387,150,345,175,369,17,25,,6,small scale
441840,213,251,364,500,28,,,2,truncation
442861,190,108,335,387,28,,,2,truncation
443053,464,97,581,148,18,,,1,occlusion
443784,249,174,392,382,28,,,2,truncation
444142,105,36,288,575,28,,,2,truncation
444294,7,49,78,179,2,,,1,occlusion
444294,87,54,162,140,2,,,1,occlusion
444294,163,68,243,213,2,,,1,occlusion
444294,354,58,483,207,2,,,1,occlusion
444294,449,22,528,152,2,,,1,occlusion
444294,515,21,600,152,2,,,1,occlusion
444294,14,120,157,364,2,,,1,occlusion
445505,578,207,621,263,18,,,1,occlusion
446597,245,155,425,342,28,,,2,truncation
450567,52,71,302,605,28,,,2,truncation
451473,463,196,493,254,17,25,,1,occlusion
451473,105,197,131,229,17,25,,6,small scale
451473,69,185,102,222,17,25,,6,small scale
451473,606,173,635,341,17,25,,2,truncation
451532,434,241,471,314,17,25,,1,occlusion
451532,492,258,532,315,17,25,,1,occlusion
452060,126,88,313,560,28,,,2,truncation
454562,281,53,407,212,28,,,2,truncation
454562,98,99,240,210,13,,,2,truncation
454957,142,119,403,613,28,,,2,truncation
455735,12,183,93,258,2,,,1,occlusion
455735,101,171,187,281,2,,,1,occlusion
455735,203,182,276,304,2,,,1,occlusion
455735,397,180,477,280,2,,,1,occlusion
455847,20,102,88,252,17,25,,1,occlusion
455847,87,80,133,245,17,25,,1,occlusion
455847,130,93,183,208,17,25,,1,occlusion
455847,1,63,44,299,17,25,,2,truncation
456199,377,2,446,169,17,25,,5,rare type
456199,446,6,502,186,17,25,,5,rare type
456199,494,7,559,210,17,25,,5,rare type
456199,557,9,627,253,17,25,,5,rare type
456725,82,118,264,358,28,,,2,truncation
456725,256,190,459,357,13,,,2,truncation
457616,221,107,440,410,28,,,2,truncation
457754,171,150,332,340,2,,,1,occlusion
459665,244,134,341,356,28,,,2,truncation
461860,120,31,340,586,28,,,2,truncation
463542,233,124,263,172,17,25,,1,occlusion
463542,464,84,481,121,17,25,,1,occlusion
463542,553,81,585,108,17,25,,1,occlusion
463542,623,109,636,146,17,25,,1,occlusion
463542,79,28,100,63,17,25,,6,small scale
463542,103,29,124,62,17,25,,6,small scale
463542,120,45,136,69,17,25,,6,small scale
463542,176,10,193,34,17,25,,6,small scale
463542,182,30,200,53,17,25,,6,small scale
463542,185,50,208,76,17,25,,6,small scale
463542,247,50,267,80,17,25,,6,small scale
463542,278,4,294,22,17,25,,6,small scale
463542,268,62,287,86,17,25,,6,small scale
463542,278,63,304,88,17,25,,6,small scale
463542,389,53,410,73,17,25,,6,small scale
463542,444,53,471,79,17,25,,6,small scale
463542,484,63,511,84,17,25,,6,small scale
463542,433,88,457,120,17,25,,6,small scale
463542,521,20,537,42,17,25,,6,small scale
463542,538,21,548,37,17,25,,6,small scale
463542,547,21,555,34,17,25,,6,small scale
463542,630,42,638,66,17,25,,2,truncation
464831,133,144,182,253,2,,,1,occlusion
464831,181,146,232,238,2,,,1,occlusion
464831,242,151,271,188,2,,,1,occlusion
464831,294,149,340,212,2,,,1,occlusion
465199,332,14,503,351,28,,,2,truncation
465404,110,161,172,312,2,,,1,occlusion
465404,212,152,243,215,2,,,1,occlusion
465404,293,177,353,253,2,,,1,occlusion
465404,419,204,487,305,2,,,1,occlusion
465404,445,158,497,224,2,,,1,occlusion
465404,581,182,634,250,2,,,1,occlusion
465404,2,433,67,474,2,,,2,truncation
465795,362,127,406,183,17,25,,1,occlusion
465795,432,135,459,181,17,25,,1,occlusion
465795,262,133,292,180,17,25,,6,small scale
465795,301,128,320,155,17,25,,6,small scale
465795,451,140,476,178,17,25,,6,small scale
465795,336,139,354,155,17,25,,5,rare type
466561,136,76,387,403,28,,,2,truncation
466818,204,103,237,142,2,,,1,occlusion
466818,233,110,264,159,2,,,1,occlusion
466818,307,109,333,141,2,,,1,occlusion
466818,359,121,434,204,2,,,1,occlusion
466818,405,102,423,144,2,,,5,rare type
468197,35,36,303,116,18,,,1,occlusion
468603,184,153,215,189,19,,,6,small scale
469338,151,247,180,276,18,,,6,small scale
469338,188,245,204,262,18,,,6,small scale
469338,242,246,262,264,18,,,6,small scale
469338,280,241,295,261,18,,,6,small scale
469338,299,242,318,259,18,,,6,small scale
469338,139,243,169,254,18,,,6,small scale
469634,378,154,417,215,19,,,1,occlusion
469634,490,132,532,217,19,,,1,occlusion
469755,242,146,280,182,18,,,1,occlusion
470095,202,229,243,309,17,25,,5,rare type
470095,268,232,311,317,17,25,,5,rare type
470095,313,228,354,321,17,25,,5,rare type
473299,241,133,270,182,17,25,,1,occlusion
475191,162,86,425,420,28,,,2,truncation
479350,13,88,199,331,2,,,1,occlusion
479350,200,75,439,365,2,,,1,occlusion
479350,390,65,611,356,2,,,1,occlusion
479633,598,109,637,232,19,,,1,occlusion
479633,333,56,403,230,19,,,5,rare type
479950,30,113,78,196,2,,,1,occlusion
479950,122,101,173,177,2,,,1,occlusion
479950,374,120,441,240,2,,,1,occlusion
479950,430,111,499,318,2,,,1,occlusion
481010,271,193,379,331,28,,,2,truncation
483027,105,184,160,304,2,,,4,gray image
483027,146,176,200,262,2,,,4,gray image
483027,191,185,254,273,2,,,4,gray image
483027,274,190,341,258,2,,,4,gray image
484351,397,114,442,195,2,,,1,occlusion
484351,428,103,469,136,2,,,1,occlusion
484351,515,104,571,212,2,,,1,occlusion
484351,395,122,565,299,2,,,1,occlusion
484351,278,130,385,246,2,,,1,occlusion
484351,9,238,151,420,2,,,1,occlusion
484441,111,55,292,365,28,,,2,truncation
484441,289,156,439,361,13,,,2,truncation
484584,163,191,380,507,28,,,2,truncation
485673,129,178,208,294,28,,,2,truncation
485917,4,63,22,93,18,,,1,occlusion
486986,9,63,128,634,17,25,,1,occlusion
486986,374,178,417,262,17,25,,1,occlusion
486986,412,188,448,249,17,25,,1,occlusion
486986,441,185,475,248,17,25,,1,occlusion
487482,338,116,516,357,28,,,2,truncation
487925,103,79,317,461,28,,,2,truncation
487925,404,21,537,215,28,,,2,truncation
488377,425,270,515,310,18,,,1,occlusion
488720,2,110,26,142,17,25,,6,small scale
493004,342,116,360,148,17,25,,6,small scale
493004,353,113,376,148,17,25,,6,small scale
493004,364,119,385,142,17,25,,6,small scale
493004,387,121,407,142,17,25,,6,small scale
493004,400,124,419,142,17,25,,6,small scale
493004,455,116,469,139,17,25,,6,small scale
493004,462,117,481,138,17,25,,6,small scale
494608,584,155,617,204,17,25,,1,occlusion
494608,616,160,635,219,17,25,,1,occlusion
494608,618,246,637,325,17,25,,1,occlusion
494608,193,160,223,179,17,25,,6,small scale
495376,129,135,156,177,17,25,,1,occlusion
495376,155,124,190,172,17,25,,1,occlusion
495376,184,127,204,160,17,25,,6,small scale
495376,189,122,215,158,17,25,,6,small scale
496575,321,4,355,39,17,25,,1,occlusion
496575,138,122,187,186,17,25,,1,occlusion
496575,192,115,228,147,17,25,,1,occlusion
496575,401,106,431,178,17,25,,1,occlusion
496575,296,116,410,352,17,25,,1,occlusion
497514,377,273,401,306,17,25,,6,small scale
497907,180,301,214,334,17,25,,1,occlusion
497907,351,299,373,313,17,25,,6,small scale
497969,237,109,276,163,0,2,3,1,occlusion
497969,272,119,291,146,0,2,3,1,occlusion
497969,481,122,519,159,0,2,3,1,occlusion
498453,609,177,638,248,18,,,2,truncation
500167,263,41,441,390,28,,,2,truncation
500167,79,44,229,224,12,,,2,truncation
501005,110,48,316,306,28,,,2,truncation
501005,364,160,524,323,13,,,2,truncation
503293,89,276,226,461,28,,,2,truncation
503293,286,318,367,470,13,,,2,truncation
506950,240,270,298,416,17,25,,1,occlusion
506950,288,226,344,393,17,25,,1,occlusion
506950,333,209,381,375,17,25,,1,occlusion
506950,380,265,417,361,17,25,,1,occlusion
506950,418,195,468,327,17,25,,1,occlusion
506950,399,80,458,175,17,25,,1,occlusion
506950,346,16,394,103,17,25,,1,occlusion
506950,435,1,462,55,17,25,,1,occlusion
506950,29,33,73,97,17,25,,1,occlusion
506950,104,32,143,107,17,25,,1,occlusion
506950,63,162,108,255,17,25,,1,occlusion
506950,8,131,64,242,17,25,,1,occlusion
506950,220,219,268,266,17,25,,5,rare type
506950,453,7,477,53,17,25,,2,truncation
506950,123,4,153,32,17,25,,2,truncation
506950,87,3,129,36,17,25,,2,truncation
506950,23,4,62,37,17,25,,2,truncation
512830,152,103,210,217,2,,,1,occlusion
512830,194,99,240,142,2,,,1,occlusion
512830,58,94,104,140,2,,,1,occlusion
512830,31,127,103,186,2,,,1,occlusion
512830,455,106,491,138,2,,,1,occlusion
515241,373,100,547,371,28,,,2,truncation
515241,169,202,275,366,13,,,2,truncation
518224,197,11,479,423,28,,,2,truncation
518383,59,147,95,177,17,25,,6,small scale
521956,8,6,315,306,28,,,2,truncation
524282,377,203,493,404,28,,,2,truncation
524282,69,130,175,276,28,,,2,truncation
524333,223,244,256,301,2,,,1,occlusion
524333,278,238,313,288,2,,,1,occlusion
524333,309,240,369,337,2,,,1,occlusion
524333,398,238,432,278,2,,,1,occlusion
524333,382,257,446,346,2,,,1,occlusion
525381,127,15,424,333,28,,,2,truncation
525546,24,73,481,635,28,,,2,truncation
527086,468,101,565,213,2,,,1,occlusion
527086,33,91,162,209,2,,,1,occlusion
527086,72,215,386,402,2,,,1,occlusion
532209,338,52,397,94,18,,,1,occlusion
536933,80,186,123,280,17,25,,1,occlusion
536933,237,192,270,247,17,25,,1,occlusion
536933,527,197,564,255,17,25,,1,occlusion
536933,556,187,591,265,17,25,,1,occlusion
536933,265,203,317,295,17,25,,1,occlusion
536933,9,198,83,417,17,25,,5,rare type
536933,316,203,331,224,17,25,,6,small scale
536933,328,205,342,228,17,25,,6,small scale
536933,336,206,356,231,17,25,,6,small scale
536933,346,217,367,234,17,25,,6,small scale
538414,291,181,435,340,28,,,2,truncation
538414,154,186,263,310,13,,,2,truncation
538741,194,70,232,121,17,25,,1,occlusion
538741,231,65,257,108,17,25,,1,occlusion
538741,607,39,633,72,17,25,,1,occlusion
538741,422,12,443,37,17,25,,6,small scale
538741,475,22,512,42,17,25,,6,small scale
538741,551,26,566,45,17,25,,6,small scale
539793,247,5,315,155,19,8,,5,rare type
541108,198,13,477,448,28,,,2,truncation
541123,302,268,361,345,28,,,2,truncation
541391,112,96,250,304,28,,,2,truncation
541391,329,167,483,303,13,,,2,truncation
542127,335,339,370,380,17,25,,1,occlusion
542127,306,344,330,381,17,25,,6,small scale
544140,136,221,173,285,19,,,1,occlusion
544574,164,179,232,226,18,,,1,occlusion
545220,213,128,234,145,17,25,,6,small scale
545220,230,126,244,146,17,25,,6,small scale
545220,256,126,269,144,17,25,,6,small scale
545220,262,130,281,143,17,25,,6,small scale
549508,174,137,216,204,17,25,,1,occlusion
549508,198,145,250,241,17,25,,1,occlusion
549508,461,74,487,97,17,25,,6,small scale
549508,582,93,610,110,17,25,,6,small scale
550365,372,397,405,417,17,25,,6,small scale
550707,465,7,576,253,2,,,1,occlusion
551215,89,60,319,494,28,,,2,truncation
553330,103,111,310,536,28,,,2,truncation
554928,28,153,67,197,17,25,,1,occlusion
554928,71,149,92,208,17,25,,1,occlusion
554928,88,158,119,211,17,25,,1,occlusion
554928,129,166,154,227,17,25,,1,occlusion
554928,171,167,190,215,17,25,,1,occlusion
554928,10,174,28,195,17,25,,6,small scale
554928,1,162,16,203,17,25,,6,small scale
554928,67,161,79,193,17,25,,6,small scale
554928,186,173,197,194,17,25,,6,small scale
554928,215,173,237,195,17,25,,6,small scale
557732,584,223,631,261,17,25,,1,occlusion
557830,25,46,224,274,28,,,2,truncation
560804,396,11,507,375,28,,,2,truncation
561650,252,57,473,401,28,,,2,truncation
561958,528,186,561,243,17,25,,1,occlusion
561958,565,178,605,249,17,25,,1,occlusion
562994,99,104,282,567,28,,,2,truncation
563575,181,70,470,388,28,,,2,truncation
563927,161,89,389,407,28,,,2,truncation
563951,149,233,341,510,28,,,2,truncation
564743,308,144,378,353,17,25,,1,occlusion
566931,576,143,634,198,18,,,1,occlusion
567208,149,79,485,489,28,,,2,truncation
567494,240,213,336,333,28,,,2,truncation
569543,178,15,379,461,28,,,2,truncation
572229,217,12,294,125,18,,,1,occlusion
572233,367,184,402,233,2,,,1,occlusion
572233,414,185,462,233,2,,,1,occlusion
572233,445,176,490,238,2,,,1,occlusion
572233,532,164,586,246,2,,,1,occlusion
572233,132,193,181,243,2,,,1,occlusion
572233,193,189,239,242,2,,,1,occlusion
573395,308,174,368,207,18,,,1,occlusion
573395,127,169,170,207,18,,,1,occlusion
573395,107,176,146,204,18,,,1,occlusion
573395,520,166,584,197,18,,,1,occlusion
573647,281,205,375,319,28,,,2,truncation
573819,222,49,335,149,2,,,1,occlusion
573819,292,65,368,144,2,,,1,occlusion
573819,401,61,612,210,2,,,1,occlusion
574507,152,384,189,458,17,25,,1,occlusion
574507,178,391,207,456,17,25,,1,occlusion
574507,200,377,234,451,17,25,,1,occlusion
574507,232,382,268,457,17,25,,1,occlusion
574783,65,235,282,455,17,25,,1,occlusion
576248,117,108,154,143,17,25,,5,rare type
576248,77,106,113,143,17,25,,6,small scale
576875,120,104,348,357,28,,,2,truncation
576875,400,157,550,309,13,,,2,truncation
577893,111,96,331,545,28,,,2,truncation
579056,53,91,272,331,28,,,2,truncation
580704,352,200,390,245,0,2,3,1,occlusion
580704,422,197,444,222,0,2,3,6,small scale
580704,450,192,469,208,0,2,3,6,small scale
580847,40,10,435,549,28,,,2,truncation
