Image_ID,x1,y1,x2,y2,HICO_Verb_Id_1,HICO_Verb_Id_2,HICO_Verb_Id_3,HOI_MO_Id,HOI_MO_Name
7,0,127,110,406,90,,,1,occlusion
7,49,90,258,362,90,,,1,occlusion
7,454,57,630,410,90,,,1,occlusion
24,39,160,279,562,493,,,2,truncation
25,10,316,189,470,343,,,1,occlusion
29,28,136,199,299,90,,,1,occlusion
29,205,110,374,313,90,,,1,occlusion
30,5,75,182,420,331,378,,5,rare type
30,285,106,413,238,331,378,,5,rare type
35,160,9,476,251,90,,,1,occlusion
41,224,12,414,234,508,511,,1,occlusion
48,77,132,185,286,491,,,2,truncation
48,449,75,546,280,493,,,2,truncation
69,34,182,354,609,90,,,1,occlusion
85,220,10,472,348,442,443,,5,rare type
98,261,114,365,355,471,472,,1,occlusion
98,350,126,419,361,471,472,,1,occlusion
98,415,135,472,355,471,472,,1,occlusion
98,184,127,271,343,471,472,,5,rare type
109,1,91,347,536,493,,,2,truncation
118,153,30,362,595,288,,,1,occlusion
125,4,46,62,235,90,,,1,occlusion
125,17,5,122,339,90,,,1,occlusion
125,102,32,205,251,90,,,1,occlusion
125,421,94,544,263,90,,,1,occlusion
125,515,60,633,301,90,,,1,occlusion
125,534,216,630,308,90,484,,1,occlusion
125,466,75,537,141,90,,,1,occlusion
146,281,173,419,371,229,,,5,rare type
161,34,68,407,393,90,,,1,occlusion
192,327,3,554,408,90,,,1,occlusion
193,168,176,322,351,501,,,1,occlusion
193,179,112,298,241,493,,,1,occlusion
193,283,170,376,261,491,,,1,occlusion
198,133,43,425,383,493,,,2,truncation
212,12,3,234,458,90,,,1,occlusion
213,44,7,417,627,95,,,1,occlusion
217,143,140,382,620,246,,,1,occlusion
239,85,32,459,569,493,,,2,truncation
241,131,366,587,602,276,377,,5,rare type
257,202,143,365,305,493,,,2,truncation
257,372,183,530,301,491,,,2,truncation
258,81,189,298,525,493,,,2,truncation
262,207,56,409,305,297,95,,3,transparency
275,129,189,223,368,229,493,,2,truncation
275,324,234,428,343,491,,,2,truncation
276,432,199,507,329,143,144,,1,occlusion
277,4,210,169,474,90,,,1,occlusion
277,5,9,255,264,377,378,267,5,rare type
287,28,6,471,488,90,,,1,occlusion
303,20,120,239,407,90,,,1,occlusion
309,194,124,357,498,95,,,1,occlusion
313,223,37,609,344,288,,,1,occlusion
316,53,26,379,615,246,,,1,occlusion
322,13,15,307,406,297,,,3,transparency
322,253,122,621,417,297,,,3,transparency
326,215,262,249,308,229,493,,6,small scale
326,541,270,578,300,491,,,6,small scale
327,92,204,149,266,229,493,,2,truncation
334,137,185,200,312,454,,,5,rare type
334,198,185,257,317,454,,,5,rare type
334,259,171,301,318,460,462,,5,rare type
340,19,33,228,262,250,251,,1,occlusion
341,84,102,237,356,229,493,,2,truncation
365,198,68,368,282,229,493,,2,truncation
365,45,160,228,321,491,,,2,truncation
380,293,78,449,380,496,500,,5,rare type
407,13,21,634,411,241,242,,1,occlusion
412,95,210,478,469,246,,,1,occlusion
414,26,55,307,409,90,,,1,occlusion
419,15,24,619,397,90,268,269,5,rare type
425,4,9,367,457,343,,,1,occlusion
447,131,132,423,398,95,,,1,occlusion
447,310,51,510,264,95,,,1,occlusion
474,38,148,348,473,267,,,5,rare type
475,332,146,423,281,90,,,1,occlusion
475,206,138,332,266,90,,,1,occlusion
475,127,136,224,239,90,,,1,occlusion
475,75,127,142,208,90,,,1,occlusion
475,22,127,98,217,90,,,1,occlusion
513,50,12,490,410,377,,,5,rare type
588,127,155,214,293,90,,,1,occlusion
588,207,143,306,259,90,,,1,occlusion
588,291,159,358,236,90,,,1,occlusion
588,412,155,490,237,90,,,1,occlusion
588,480,155,591,276,90,,,1,occlusion
588,469,167,571,385,331,,,1,occlusion
612,450,149,537,312,95,,,1,occlusion
614,19,97,74,138,19,20,21,1,occlusion
614,66,100,99,134,19,20,21,1,occlusion
614,93,98,130,129,19,20,21,1,occlusion
614,125,92,163,131,19,20,21,1,occlusion
614,202,104,246,156,19,20,21,1,occlusion
614,252,94,288,139,19,20,21,1,occlusion
614,360,126,394,166,19,20,21,1,occlusion
619,4,12,156,284,90,,,1,occlusion
620,128,88,354,337,377,,,5,rare type
636,19,7,184,387,377,,,5,rare type
644,253,151,468,621,104,,,5,rare type
655,14,4,624,288,377,,,1,occlusion
692,5,95,119,413,297,,,5,rare type
692,149,114,329,421,297,,,5,rare type
692,309,34,596,416,269,267,,5,rare type
713,137,373,458,613,591,,,5,rare type
720,227,94,338,238,90,,,1,occlusion
720,216,46,450,297,90,,,1,occlusion
720,200,51,621,453,90,,,1,occlusion
742,542,60,626,304,507,508,509,2,truncation
761,373,54,578,310,493,,,2,truncation
761,139,143,300,308,491,,,2,truncation
763,6,8,193,577,297,,,1,occlusion
778,116,167,233,401,472,,,1,occlusion
778,281,184,380,346,472,,,1,occlusion
780,15,6,253,463,484,,,5,rare type
802,13,14,391,569,377,,,5,rare type
821,20,168,126,237,481,,,1,occlusion
821,104,101,217,188,481,,,1,occlusion
821,477,213,536,261,481,,,1,occlusion
856,149,237,268,411,90,,,1,occlusion
858,3,48,264,453,472,481,,2,truncation
862,403,153,631,412,377,,,5,rare type
865,299,239,334,325,472,,,1,occlusion
865,314,245,373,367,472,,,1,occlusion
867,130,12,618,614,90,,,1,occlusion
868,65,17,490,405,201,,,5,rare type
872,369,76,449,176,19,20,21,1,occlusion
872,465,76,509,122,19,20,21,1,occlusion
876,26,89,361,396,90,,,1,occlusion
887,369,203,480,345,90,,,1,occlusion
887,341,225,412,362,90,,,1,occlusion
892,27,15,294,311,90,,,1,occlusion
901,151,139,360,354,94,95,,1,occlusion
910,126,70,351,630,493,,,2,truncation
911,8,149,104,463,90,,,1,occlusion
911,165,257,408,621,90,,,1,occlusion
939,328,146,487,411,493,,,2,truncation
944,75,13,237,284,90,,,1,occlusion
944,229,81,379,302,90,,,1,occlusion
944,342,49,614,388,90,,,1,occlusion
962,133,132,500,394,90,,,1,occlusion
964,3,6,361,398,95,,,1,occlusion
968,18,22,237,447,377,,,1,occlusion
968,212,91,351,342,377,,,1,occlusion
972,18,11,436,559,90,,,1,occlusion
977,50,45,347,446,95,,,1,occlusion
977,274,9,590,466,95,,,1,occlusion
984,110,72,280,250,423,,,5,rare type
984,363,92,552,277,423,,,5,rare type
998,23,64,413,613,484,,,4,gray image
1008,25,13,384,632,446,447,,5,rare type
1026,356,26,615,407,218,219,,5,rare type
1034,41,102,97,213,460,462,,1,occlusion
1034,360,166,396,234,460,462,,1,occlusion
1034,261,142,309,227,460,462,,1,occlusion
1041,251,12,614,451,377,,,5,rare type
1048,29,197,218,539,493,,,2,truncation
1062,16,57,415,433,90,,,1,occlusion
1072,12,294,276,593,343,,,5,rare type
1086,416,59,569,165,458,,,5,rare type
1093,211,82,467,436,90,,,1,occlusion
1093,343,8,629,426,90,,,1,occlusion
1095,32,27,618,401,94,95,,1,occlusion
1101,9,13,613,454,377,,,5,rare type
1107,239,224,316,418,94,95,,1,occlusion
1107,294,229,377,426,94,95,,1,occlusion
1107,354,208,479,406,94,95,,1,occlusion
1108,380,236,542,598,446,447,,1,occlusion
1113,183,11,488,345,90,,,1,occlusion
1135,53,14,577,457,442,,,5,rare type
1137,339,224,367,268,460,462,,4,gray image
1137,370,229,388,263,460,462,,4,gray image
1137,374,224,401,266,460,462,,4,gray image
1137,229,225,238,250,460,462,,4,gray image
1137,241,229,250,250,460,462,,4,gray image
1137,250,231,260,253,460,462,,4,gray image
1137,445,237,462,283,460,462,,4,gray image
1137,458,227,480,288,460,462,,4,gray image
1145,410,279,464,330,229,493,,6,small scale
1145,106,147,142,174,491,,,6,small scale
1146,103,12,330,232,90,,,1,occlusion
1150,185,28,540,343,94,,,5,rare type
1152,234,105,353,229,90,,,1,occlusion
1153,118,111,237,291,90,,,1,occlusion
1153,213,120,316,265,90,,,1,occlusion
1153,386,158,507,246,90,,,1,occlusion
1153,416,24,629,416,90,,,1,occlusion
1156,171,200,249,282,90,,,1,occlusion
1156,220,192,277,262,90,,,1,occlusion
1156,250,183,303,252,90,,,1,occlusion
1163,180,50,370,442,353,,,5,rare type
1168,231,172,358,429,229,493,,2,truncation
1168,9,256,133,442,491,,,2,truncation
1172,15,6,261,207,377,378,,5,rare type
1173,12,10,401,298,377,378,,5,rare type
1174,563,168,636,333,11,12,,5,rare type
1181,79,8,351,222,90,,,1,occlusion
1181,467,75,634,391,90,,,1,occlusion
1182,25,6,608,283,253,90,,1,occlusion
1184,303,155,392,394,284,285,289,5,rare type
1185,410,68,604,338,446,447,448,1,occlusion
1187,162,156,552,396,241,242,,5,rare type
1187,176,246,437,412,242,,,5,rare type
1191,304,217,384,273,90,,,1,occlusion
1191,296,172,376,233,90,,,1,occlusion
1191,187,193,250,238,90,,,1,occlusion
1191,141,186,226,278,90,,,1,occlusion
1193,47,59,462,487,90,,,1,occlusion
1199,5,53,311,454,241,,,5,rare type
1199,203,26,619,455,241,,,5,rare type
1204,21,46,114,192,284,285,,1,occlusion
1209,4,193,45,342,471,472,473,1,occlusion
1209,35,196,81,326,471,472,473,1,occlusion
1209,176,226,211,295,471,472,473,1,occlusion
1209,464,157,499,234,471,472,473,1,occlusion
1209,518,147,551,219,471,472,473,1,occlusion
1209,486,144,529,215,471,472,473,1,occlusion
1222,5,12,153,382,90,,,1,occlusion
1222,220,55,333,243,90,,,1,occlusion
1222,422,64,527,217,90,,,1,occlusion
1222,506,19,637,440,90,,,1,occlusion
1222,97,47,249,298,90,297,298,3,transparency
1225,104,255,159,380,353,,,5,rare type
1232,409,222,462,331,535,537,,1,occlusion
1233,317,67,610,612,246,164,,1,occlusion
1237,363,16,526,262,229,493,,1,occlusion
1237,81,114,242,268,491,,,2,truncation
1249,195,159,387,612,90,,,1,occlusion
1256,47,248,76,282,471,472,273,6,small scale
1256,159,253,176,283,471,472,273,6,small scale
1256,31,226,50,247,471,472,273,6,small scale
1259,9,151,213,466,164,,,1,occlusion
1266,397,206,427,232,480,481,482,6,small scale
1266,441,200,466,219,480,481,482,6,small scale
1268,358,100,610,454,267,,,5,rare type
1278,70,23,415,474,90,331,332,5,rare type
1279,34,28,473,459,90,,,1,occlusion
1303,40,167,216,414,90,,,1,occlusion
1303,186,141,314,415,90,,,1,occlusion
1303,321,147,455,413,90,,,1,occlusion
1303,414,191,599,420,90,,,1,occlusion
1311,204,129,471,391,491,,,2,truncation
1312,17,46,372,422,90,,,1,occlusion
1313,174,7,575,175,90,,,1,occlusion
1313,6,5,258,453,90,267,,5,rare type
1315,31,10,346,460,90,,,1,occlusion
1332,222,86,574,412,493,,,2,truncation
1338,22,12,483,338,377,378,,5,rare type
1342,111,384,221,598,229,493,,2,truncation
1342,174,434,326,609,491,,,2,truncation
1342,114,249,250,381,501,,,2,truncation
1368,29,177,189,363,343,,,1,occlusion
1373,417,29,630,469,218,,,5,rare type
1384,92,65,441,519,90,424,426,5,rare type
1396,66,83,495,401,90,,,1,occlusion
1402,108,157,171,263,307,309,311,4,gray image
1402,343,191,393,265,307,309,311,4,gray image
1418,199,181,331,571,284,285,289,5,rare type
1419,154,19,610,508,284,285,289,5,rare type
1428,50,26,547,466,229,493,,2,truncation
1448,13,101,200,607,47,49,,3,transparency
1458,304,8,639,295,377,,,5,rare type
1464,30,216,165,404,90,,,1,occlusion
1464,137,150,221,279,90,,,1,occlusion
1464,161,122,223,218,90,,,1,occlusion
1464,196,138,253,205,90,,,1,occlusion
1464,245,115,337,182,90,,,1,occlusion
1464,349,118,418,222,90,,,1,occlusion
1464,405,115,469,291,90,,,1,occlusion
1464,449,150,547,320,90,,,1,occlusion
1464,492,164,624,402,90,,,1,occlusion
1466,245,7,395,171,90,,,1,occlusion
1466,29,26,370,416,90,,,1,occlusion
1466,0,9,205,227,90,,,1,occlusion
1467,33,120,492,613,95,,,1,occlusion
1468,237,58,326,143,90,,,1,occlusion
1468,90,65,180,140,90,590,592,3,transparency
1468,435,135,631,346,90,378,331,5,rare type
1468,366,76,495,210,90,378,331,5,rare type
1469,142,215,305,395,90,,,1,occlusion
1482,8,105,123,261,90,,,1,occlusion
1482,78,94,152,223,90,,,1,occlusion
1482,137,114,216,209,90,,,1,occlusion
1482,184,98,277,190,90,,,1,occlusion
1482,345,114,406,199,90,,,1,occlusion
1482,410,115,477,217,90,,,1,occlusion
1482,471,113,547,289,90,,,1,occlusion
1482,450,96,627,397,90,,,1,occlusion
1483,392,24,607,302,94,95,,5,rare type
1485,269,165,420,355,229,493,,2,truncation
1485,95,228,243,347,491,,,2,truncation
1499,20,187,422,620,241,,,5,rare type
1501,54,238,403,505,90,,,1,occlusion
1516,320,25,620,293,90,,,1,occlusion
1529,103,181,311,422,229,493,,2,truncation
1529,9,302,85,355,491,,,2,truncation
1534,150,107,214,230,454,,,4,gray image
1538,56,18,408,449,377,,,5,rare type
1539,52,12,598,440,90,,,1,occlusion
1561,13,6,397,409,90,,,1,occlusion
1563,13,80,363,583,377,,,5,rare type
1570,22,43,237,361,90,,,1,occlusion
1570,204,88,331,236,90,,,1,occlusion
1570,394,56,574,361,90,297,,5,rare type
1572,32,180,125,315,90,,,1,occlusion
1581,193,202,235,261,480,481,482,1,occlusion
1593,175,84,391,451,229,493,,2,truncation
1595,7,172,86,343,90,,,1,occlusion
1595,76,187,160,349,90,,,1,occlusion
1595,488,210,625,386,90,,,1,occlusion
1601,107,54,299,347,269,271,272,5,rare type
1601,264,108,509,331,269,271,272,5,rare type
1628,202,337,280,437,480,481,482,1,occlusion
1629,95,136,193,222,90,,,1,occlusion
1629,289,142,383,209,90,,,1,occlusion
1629,424,128,518,219,90,,,1,occlusion
1631,248,41,485,406,229,493,,2,truncation
1631,71,161,319,406,491,,,2,truncation
1637,119,32,398,413,61,62,,1,occlusion
1637,432,63,549,286,61,62,,1,occlusion
1639,457,140,546,234,480,481,482,1,occlusion
1646,134,205,216,356,90,,,1,occlusion
1648,0,276,51,341,90,,,1,occlusion
1648,15,82,158,276,90,,,1,occlusion
1648,159,77,264,242,90,,,1,occlusion
1648,294,90,373,233,90,,,1,occlusion
1648,324,99,502,286,90,,,1,occlusion
1648,391,160,619,409,90,297,,1,occlusion
1653,15,109,97,401,90,,,1,occlusion
1653,199,72,390,332,90,,,1,occlusion
1653,228,276,471,402,90,,,1,occlusion
1677,44,353,140,536,491,,,2,truncation
1684,322,13,625,286,377,401,,5,rare type
1686,608,77,634,215,147,151,152,1,occlusion
1704,11,9,622,412,377,378,379,5,rare type
1721,20,53,371,617,442,,,5,rare type
1725,22,15,439,607,90,,,1,occlusion
1736,20,17,390,234,90,,,1,occlusion
1737,272,73,422,393,229,493,,2,truncation
1737,25,202,173,381,491,,,2,truncation
1755,152,148,169,156,519,522,526,6,small scale
1755,238,133,262,153,519,522,526,6,small scale
1755,319,132,351,151,519,522,526,6,small scale
1755,406,148,430,165,519,522,526,6,small scale
1755,441,145,463,160,519,522,526,6,small scale
1759,43,150,145,464,90,331,332,1,occlusion
1759,5,155,53,352,90,331,332,1,occlusion
1759,88,159,194,341,90,331,332,1,occlusion
1759,210,177,385,338,90,331,332,1,occlusion
1759,460,189,574,398,90,331,332,1,occlusion
1759,431,132,624,467,90,331,332,1,occlusion
1768,131,106,414,460,90,297,,3,transparency
1821,145,24,346,379,377,,,5,rare type
1822,49,23,369,387,377,,,5,rare type
1824,21,212,302,465,90,,,1,occlusion
1830,147,95,330,503,493,,,2,truncation
1836,38,16,598,337,90,,,1,occlusion
1838,129,53,355,401,377,,,5,rare type
1839,5,324,117,549,90,331,332,1,occlusion
1839,21,301,174,440,90,331,332,1,occlusion
1839,62,251,164,394,90,331,332,1,occlusion
1839,52,165,185,306,90,331,332,1,occlusion
1839,183,121,246,169,90,331,332,1,occlusion
1839,250,112,308,170,90,331,332,1,occlusion
1839,307,115,345,189,90,331,332,1,occlusion
1839,329,121,405,234,90,331,332,1,occlusion
1839,311,222,405,330,90,331,332,1,occlusion
1839,352,217,472,474,90,331,332,1,occlusion
1840,293,154,458,618,90,,,1,occlusion
1856,11,274,48,354,471,472,473,1,occlusion
1856,390,357,419,390,471,472,473,6,small scale
1864,311,230,377,338,493,,,2,truncation
1870,26,89,349,525,377,267,,5,rare type
1877,168,140,384,372,90,,,1,occlusion
1921,83,99,280,363,229,493,,2,truncation
1921,286,196,487,368,491,,,2,truncation
1921,409,103,528,311,229,493,,2,truncation
1929,97,167,277,401,229,493,,2,truncation
1930,364,175,492,361,229,493,,2,truncation
1930,204,248,344,357,491,,,2,truncation
1933,158,169,244,355,90,,,1,occlusion
1933,230,149,325,295,90,,,1,occlusion
1933,346,138,448,304,90,,,1,occlusion
1933,450,130,601,378,90,,,1,occlusion
1935,27,18,600,394,201,,,5,rare type
1940,59,150,196,295,90,,,1,occlusion
1940,441,158,603,453,90,,,1,occlusion
1940,528,140,618,254,90,,,1,occlusion
1949,17,93,524,439,411,413,,5,rare type
1971,344,15,568,323,229,493,,2,truncation
1971,31,137,261,332,491,,,2,truncation
1973,120,50,517,364,90,,,1,occlusion
1989,6,121,157,337,90,,,1,occlusion
1989,80,109,264,263,90,,,1,occlusion
1989,195,86,316,216,90,,,1,occlusion
1989,470,96,626,338,90,,,1,occlusion
1989,562,249,636,350,90,,,1,occlusion
1989,498,112,570,248,90,,,1,occlusion
1994,119,40,391,386,229,493,,2,truncation
2006,167,148,272,259,90,,,1,occlusion
2006,423,147,537,262,90,,,1,occlusion
2015,157,6,347,442,441,444,,5,rare type
2021,437,39,599,402,213,,,1,occlusion
2026,24,39,506,404,90,,,1,occlusion
2030,140,82,316,402,229,493,,2,truncation
2044,22,23,572,464,95,,,1,occlusion
2051,401,59,555,409,52,,,5,rare type
2081,134,162,165,192,460,462,,6,small scale
2081,140,182,178,252,460,462,,6,small scale
2094,167,93,340,298,229,493,,2,truncation
2094,390,203,567,324,491,,,2,truncation
2097,285,172,392,325,229,493,,2,truncation
2097,360,238,464,321,491,,,2,truncation
2103,41,151,272,336,95,,,1,occlusion
2115,431,99,488,130,519,522,523,1,occlusion
2115,584,108,617,137,519,522,523,1,occlusion
2125,12,161,140,354,90,,,1,occlusion
2125,98,170,171,283,90,,,1,occlusion
2125,212,154,281,237,90,,,1,occlusion
2125,341,164,396,243,90,,,1,occlusion
2125,392,166,518,334,90,,,1,occlusion
2125,475,169,630,377,90,,,1,occlusion
2149,39,38,348,610,471,472,473,2,truncation
2171,338,239,506,450,229,493,,2,truncation
2171,120,330,265,443,491,,,2,truncation
2180,23,111,103,187,90,,,1,occlusion
2180,123,81,176,154,90,,,1,occlusion
2180,313,79,367,149,90,,,1,occlusion
2180,494,108,551,156,90,,,1,occlusion
2196,76,86,586,544,90,,,1,occlusion
2206,231,15,596,402,90,,,1,occlusion
2208,142,113,323,275,90,,,1,occlusion
2208,327,114,428,241,90,,,1,occlusion
2208,6,203,139,376,90,,,1,occlusion
2231,307,36,354,122,19,20,21,1,occlusion
2231,108,36,171,138,19,20,21,1,occlusion
2231,432,40,485,131,19,20,21,1,occlusion
2235,241,468,268,501,480,481,482,5,rare type
2235,278,468,308,497,480,481,482,6,small scale
2235,308,468,337,499,480,481,482,6,small scale
2252,5,7,605,513,377,378,,5,rare type
2259,107,23,405,378,90,,,1,occlusion
2269,141,130,485,335,95,,,1,occlusion
2272,15,32,398,600,90,,,1,occlusion
2284,74,97,251,620,284,285,288,1,occlusion
2284,298,74,406,472,284,285,288,1,occlusion
2293,179,202,253,306,90,,,1,occlusion
2293,306,201,393,289,90,,,1,occlusion
2293,397,213,478,313,90,,,1,occlusion
2295,250,99,525,357,90,,,1,occlusion
2295,120,14,338,346,90,,,1,occlusion
2320,8,183,109,409,90,,,1,occlusion
2320,39,132,153,325,90,,,1,occlusion
2320,152,143,232,282,90,,,1,occlusion
2320,237,91,298,235,90,,,1,occlusion
2320,404,86,486,216,90,,,1,occlusion
2320,465,126,545,249,90,,,1,occlusion
2320,461,165,569,353,90,,,1,occlusion
2320,463,168,627,402,90,,,1,occlusion
2329,26,32,611,608,259,,,5,rare type
2332,383,155,623,469,90,,,1,occlusion
2346,148,122,470,607,74,307,,5,rare type
2363,133,152,351,336,90,,,1,occlusion
2363,428,145,552,299,90,,,1,occlusion
2363,379,199,613,462,90,,,1,occlusion
2363,14,50,212,468,253,,,5,rare type
2373,215,30,577,452,90,424,426,1,occlusion
2374,32,19,460,459,47,48,49,3,transparency
2384,253,206,325,301,229,493,,2,truncation
2384,362,236,422,291,491,,,2,truncation
2396,250,17,433,304,377,267,,5,rare type
2424,276,115,414,275,90,,,1,occlusion
2424,426,143,548,389,90,,,1,occlusion
2430,6,83,138,402,90,,,1,occlusion
2430,103,139,159,299,90,,,1,occlusion
2430,136,150,195,285,90,,,1,occlusion
2430,321,134,395,238,90,,,1,occlusion
2430,395,163,501,315,90,,,1,occlusion
2430,428,141,619,398,90,,,1,occlusion
2431,291,256,333,313,480,481,482,6,small scale
2447,58,131,98,185,90,,,1,occlusion
2447,105,128,154,178,90,,,1,occlusion
2447,159,127,200,175,90,,,1,occlusion
2447,206,126,241,172,90,,,1,occlusion
2447,242,125,287,171,90,,,1,occlusion
2447,291,125,333,171,90,,,1,occlusion
2447,339,129,383,167,90,,,1,occlusion
2447,382,118,419,162,90,,,1,occlusion
2447,428,119,462,161,90,,,1,occlusion
2447,476,117,519,164,90,,,1,occlusion
2472,87,140,214,284,90,,,1,occlusion
2472,202,119,292,234,90,,,1,occlusion
2472,336,128,422,242,90,,,1,occlusion
2472,462,156,539,333,90,,,1,occlusion
2472,390,171,597,454,90,,,1,occlusion
2478,2,276,56,381,90,,,1,occlusion
2488,213,157,442,615,229,493,,2,truncation
2488,159,401,394,622,491,,,2,truncation
2508,75,184,360,503,90,,,1,occlusion
2527,341,187,513,402,229,493,,2,truncation
2527,573,255,631,421,491,,,2,truncation
2542,11,9,232,517,90,,,1,occlusion
2542,232,8,474,538,90,,,1,occlusion
2574,442,152,633,430,90,,,1,occlusion
2584,402,13,630,340,90,,,1,occlusion
2598,241,15,521,394,493,535,537,5,rare type
2600,434,126,622,334,90,,,1,occlusion
2600,35,123,157,265,90,484,487,5,rare type
2600,134,113,238,275,90,484,487,5,rare type
2600,241,158,381,303,90,484,487,5,rare type
2605,38,33,362,618,377,200,,5,rare type
2608,256,45,424,347,493,535,537,2,truncation
2612,236,104,274,145,90,,,1,occlusion
2612,273,108,316,151,90,,,1,occlusion
2612,200,120,246,171,90,,,1,occlusion
2612,405,142,501,285,90,,,1,occlusion
2612,504,176,629,334,90,,,1,occlusion
2620,197,141,253,290,90,,,1,occlusion
2620,242,139,296,263,90,,,1,occlusion
2620,287,129,345,238,90,,,1,occlusion
2620,325,124,380,222,90,,,1,occlusion
2620,385,141,535,418,90,,,1,occlusion
2620,454,120,524,208,90,,,1,occlusion
2622,196,19,499,417,268,,,5,rare type
2637,513,101,555,171,19,20,21,1,occlusion
2637,456,95,490,144,19,20,21,1,occlusion
2637,374,94,423,170,19,20,21,1,occlusion
2655,230,104,275,202,19,20,21,1,occlusion
2655,364,98,407,167,19,20,21,1,occlusion
2656,43,136,302,434,90,,,1,occlusion
2656,276,85,542,466,90,,,1,occlusion
2665,282,147,446,366,460,462,,5,rare type
2667,627,151,636,220,471,472,473,6,small scale
2667,581,159,612,213,471,472,473,6,small scale
2667,550,158,586,217,471,472,473,6,small scale
2667,387,184,425,241,471,472,473,6,small scale
2667,353,200,380,244,471,472,473,6,small scale
2667,569,171,586,222,471,472,473,6,small scale
2679,238,90,298,172,90,,,1,occlusion
2679,318,96,402,180,90,,,1,occlusion
2681,317,52,429,395,47,49,53,5,rare type
2710,55,61,374,376,90,,,1,occlusion
2723,212,10,580,439,90,,,1,occlusion
2731,18,60,412,621,420,424,,5,rare type
2732,94,87,283,315,90,,,1,occlusion
2732,370,61,609,375,90,,,1,occlusion
2734,191,38,581,524,90,,,1,occlusion
2738,534,191,558,219,471,472,473,6,small scale
2752,87,183,220,318,90,,,1,occlusion
2752,212,200,338,343,90,,,1,occlusion
2752,251,121,307,216,90,,,1,occlusion
2769,390,36,516,197,90,,,1,occlusion
2769,65,61,363,419,90,,,1,occlusion
2774,361,159,540,312,90,,,1,occlusion
2775,53,14,396,562,90,377,378,5,rare type
2785,180,1,495,226,589,590,,5,rare type
2789,283,83,596,390,90,,,1,occlusion
2792,93,90,285,315,90,,,1,occlusion
2792,353,87,552,302,90,,,1,occlusion
2800,10,15,329,381,379,,,5,rare type
2807,134,276,357,619,284,285,288,1,occlusion
2812,284,99,499,502,535,537,,5,rare type
2829,118,179,175,292,246,,,1,occlusion
2829,186,159,230,288,246,,,1,occlusion
2829,228,151,263,301,246,,,1,occlusion
2829,272,161,344,297,246,,,1,occlusion
2829,337,148,424,306,246,,,1,occlusion
2868,76,140,219,253,398,402,,1,occlusion
2868,260,160,348,232,398,402,,1,occlusion
2879,43,52,210,507,377,378,,1,occlusion
2879,218,74,382,517,377,378,,1,occlusion
2880,75,286,200,408,90,,,1,occlusion
2901,10,107,158,321,90,,,1,occlusion
2901,259,110,415,280,90,,,1,occlusion
2901,443,12,625,416,90,,,1,occlusion
2905,53,41,287,417,545,,,5,rare type
2924,130,241,355,632,471,472,473,2,truncation
2924,404,415,427,453,471,472,473,6,small scale
2929,271,140,307,168,519,522,,1,occlusion
2930,259,164,377,278,90,,,1,occlusion
2930,389,180,477,257,90,,,1,occlusion
2930,471,154,624,411,90,,,1,occlusion
2945,329,128,491,435,246,,,5,rare type
2950,31,9,508,460,90,,,1,occlusion
2954,6,11,624,625,379,,,5,rare type
2973,104,228,314,603,246,,,1,occlusion
2973,359,251,502,617,246,,,5,rare type
2977,120,20,618,404,440,443,444,5,rare type
3029,23,12,120,127,266,268,269,5,rare type
3029,14,68,117,152,266,268,269,5,rare type
3029,17,134,166,281,266,268,269,5,rare type
3029,13,198,173,470,266,268,269,5,rare type
3029,18,338,299,620,266,268,269,5,rare type
3029,185,119,250,301,266,268,269,5,rare type
3029,214,195,308,385,266,268,269,5,rare type
3029,263,233,368,409,266,268,269,5,rare type
3029,272,312,456,571,266,268,269,5,rare type
3036,166,13,345,415,378,381,47,5,rare type
3036,316,11,612,402,378,381,,5,rare type
3037,4,103,171,388,90,484,,1,occlusion
3037,116,71,227,254,90,484,,1,occlusion
3037,201,59,292,179,90,484,,1,occlusion
3037,435,128,622,412,90,484,,1,occlusion
3037,425,95,554,201,90,484,,1,occlusion
3037,482,70,605,204,90,484,,1,occlusion
3045,210,10,620,404,90,,,1,occlusion
3047,434,61,623,386,229,493,,2,truncation
3056,81,47,111,85,460,462,,6,small scale
3061,480,48,622,579,90,,,1,occlusion
3074,236,39,490,347,90,,,1,occlusion
3084,239,56,534,301,455,458,460,5,rare type
3084,192,294,221,314,460,462,,6,small scale
3084,55,299,85,320,460,462,,6,small scale
3084,467,283,481,315,460,462,,6,small scale
3084,491,281,511,320,460,462,,6,small scale
3089,286,25,407,388,48,,,3,transparency
3104,56,10,375,456,90,,,1,occlusion
3106,226,304,264,350,229,493,,2,truncation
3106,180,317,224,355,491,,,2,truncation
3111,4,8,413,123,377,378,,5,rare type
3112,425,7,628,39,484,,,5,rare type
3126,532,100,562,137,154,155,156,1,occlusion
3126,565,92,594,115,154,155,156,1,occlusion
3126,103,165,147,210,154,155,156,1,occlusion
3126,309,130,346,183,154,155,156,1,occlusion
3126,346,128,400,179,154,155,156,1,occlusion
3135,30,131,217,352,90,,,1,occlusion
3135,352,84,609,380,90,,,1,occlusion
3159,67,34,442,509,90,,,1,occlusion
3173,364,298,500,475,229,493,,2,truncation
3173,83,330,199,462,491,,,2,truncation
3184,316,214,351,249,471,472,473,1,occlusion
3184,417,211,451,281,471,472,473,1,occlusion
3184,444,230,479,290,471,472,473,1,occlusion
3184,476,217,506,293,471,472,473,1,occlusion
3184,525,230,558,293,471,472,473,1,occlusion
3184,549,220,590,303,471,472,473,1,occlusion
3197,224,86,361,381,229,493,,1,occlusion
3197,393,197,526,381,491,,,1,occlusion
3214,132,117,213,331,284,285,288,5,rare type
3216,340,85,508,383,229,493,,1,occlusion
3240,3,1,75,117,216,,,1,occlusion
3240,11,37,104,340,216,,,1,occlusion
3240,47,20,153,223,216,,,1,occlusion
3240,133,14,194,95,216,,,1,occlusion
3240,301,33,381,198,216,,,1,occlusion
3240,365,5,435,75,216,,,1,occlusion
3240,495,56,593,199,216,,,1,occlusion
3240,569,30,631,152,216,,,1,occlusion
3240,348,64,470,250,216,,,1,occlusion
3240,121,82,333,343,216,,,1,occlusion
3240,369,66,582,340,216,,,1,occlusion
3245,301,125,633,391,90,,,1,occlusion
3268,21,206,246,605,90,,,1,occlusion
3279,157,120,354,316,90,,,1,occlusion
3280,101,179,333,535,229,493,,2,truncation
3282,143,128,238,325,90,,,1,occlusion
3282,254,118,411,297,90,,,1,occlusion
3282,475,158,603,332,90,,,1,occlusion
3285,540,116,603,155,90,,,1,occlusion
3285,66,119,139,161,90,,,1,occlusion
3285,10,127,62,160,90,,,1,occlusion
3285,6,159,79,300,90,,,1,occlusion
3285,61,150,156,316,90,,,1,occlusion
3285,142,196,322,408,90,,,1,occlusion
3285,219,121,273,191,90,,,1,occlusion
3285,267,102,305,163,90,,,1,occlusion
3285,378,110,424,141,90,,,1,occlusion
3285,316,113,360,143,90,,,1,occlusion
3285,412,106,458,145,90,,,1,occlusion
3288,231,192,335,403,493,,,2,truncation
3290,143,51,436,444,90,,,1,occlusion
3295,188,254,209,279,471,473,,6,small scale
3304,226,45,555,583,229,493,,2,truncation
3325,36,61,612,399,95,,,1,occlusion
3327,19,297,134,600,90,,,1,occlusion
3346,440,174,521,353,229,493,,2,truncation
3346,163,214,275,344,491,,,2,truncation
3373,18,13,543,426,377,378,,5,rare type
3384,294,77,412,264,90,,,1,occlusion
3384,403,68,596,321,90,,,1,occlusion
3388,301,8,616,484,200,,,5,rare type
3396,4,183,249,457,90,,,1,occlusion
3396,92,84,239,231,90,,,1,occlusion
3396,389,91,524,211,90,,,1,occlusion
3396,416,105,628,463,90,,,1,occlusion
3403,10,207,404,370,26,28,,5,rare type
3418,103,27,359,404,377,378,,5,rare type
3434,55,75,328,356,90,,,1,occlusion
3454,549,7,639,134,484,,,5,rare type
3473,17,12,236,385,90,,,1,occlusion
3473,113,70,541,403,90,,,1,occlusion
3474,14,150,98,403,191,192,,1,occlusion
3474,85,135,197,410,191,192,,1,occlusion
3474,230,139,346,406,191,192,,1,occlusion
3474,346,133,444,308,191,192,,1,occlusion
3474,460,113,622,345,191,192,,1,occlusion
3478,14,5,252,149,267,,,5,rare type
3485,51,131,133,272,246,289,285,1,occlusion
3485,125,135,193,290,246,289,285,1,occlusion
3485,196,133,291,257,246,289,285,1,occlusion
3485,263,129,310,189,246,289,285,1,occlusion
3485,383,131,474,286,246,289,285,1,occlusion
3485,442,126,543,265,246,289,285,1,occlusion
3485,494,80,566,243,284,289,285,1,occlusion
3494,131,236,162,292,471,472,473,4,gray image
3494,239,253,261,289,471,472,473,4,gray image
3494,336,254,360,278,471,472,473,4,gray image
3494,509,249,541,284,471,472,473,4,gray image
3506,211,123,442,413,229,493,,1,occlusion
3515,2,12,127,381,90,,,1,occlusion
3515,54,116,125,308,90,,,1,occlusion
3515,88,118,197,317,90,,,1,occlusion
3515,159,157,251,263,90,,,1,occlusion
3515,279,170,326,261,90,,,1,occlusion
3515,447,164,557,292,90,,,1,occlusion
3515,552,80,630,208,90,,,1,occlusion
3515,437,188,485,262,90,,,1,occlusion
3536,66,204,148,313,90,,,1,occlusion
3536,146,178,202,260,90,,,1,occlusion
3536,215,173,277,237,90,,,1,occlusion
3536,285,176,313,244,90,,,1,occlusion
3536,298,182,342,267,90,,,1,occlusion
3536,333,198,379,286,90,,,1,occlusion
3536,332,197,368,311,90,,,1,occlusion
3588,21,13,609,367,241,,,5,rare type
3590,3,83,65,193,90,,,1,occlusion
3590,49,86,129,187,90,,,1,occlusion
3590,182,62,275,167,90,,,1,occlusion
3590,316,63,430,157,90,,,1,occlusion
3590,483,63,557,134,90,,,1,occlusion
3594,24,109,326,493,191,192,,1,occlusion
3594,308,84,571,487,191,192,,1,occlusion
3594,546,128,633,306,191,192,,1,occlusion
3621,231,152,345,304,229,493,,1,occlusion
3621,287,289,399,439,491,,,1,occlusion
3624,250,31,470,401,591,590,,3,transparency
3625,16,4,547,460,90,,,1,occlusion
3630,15,132,145,293,90,,,1,occlusion
3650,295,155,368,241,90,,,1,occlusion
3650,347,173,452,256,90,,,1,occlusion
3650,260,195,415,414,90,,,1,occlusion
3650,34,32,270,546,377,378,,5,rare type
3654,379,17,470,458,353,354,,5,rare type
3670,369,320,405,474,507,509,514,1,occlusion
3670,418,323,465,468,507,509,514,1,occlusion
3670,258,340,312,475,209,,,1,occlusion
3689,192,49,459,408,493,,,2,truncation
3697,31,21,396,383,90,,,1,occlusion
3703,268,62,394,297,229,493,,2,truncation
3703,441,155,544,275,491,,,2,truncation
3704,88,137,197,256,90,,,1,occlusion
3704,5,199,89,467,90,,,1,occlusion
3704,49,224,275,454,90,,,1,occlusion
3704,509,111,620,298,90,,,1,occlusion
3704,352,157,489,315,90,,,1,occlusion
3704,485,247,622,466,90,,,1,occlusion
3714,236,128,387,385,229,493,,2,truncation
3714,175,268,303,449,491,,,2,truncation
3715,16,46,384,613,268,,,5,rare type
3730,215,195,248,253,154,155,156,1,occlusion
3730,320,206,353,250,154,155,156,1,occlusion
3730,280,201,309,248,154,155,156,1,occlusion
3730,47,203,85,251,154,155,156,1,occlusion
3730,139,189,166,224,154,155,156,6,small scale
3741,192,24,619,464,90,,,1,occlusion
3751,348,147,546,347,229,493,,2,truncation
3751,165,189,306,340,491,,,2,truncation
3766,336,17,461,128,90,,,1,occlusion
3766,200,5,287,91,90,,,1,occlusion
3773,17,91,380,446,90,,,1,occlusion
3781,124,280,158,332,90,,,4,gray image
3781,147,283,175,339,90,,,4,gray image
3781,170,297,194,360,90,,,4,gray image
3781,192,314,226,378,90,,,4,gray image
3781,224,328,259,391,90,,,4,gray image
3781,245,333,308,432,90,,,4,gray image
3781,285,317,323,392,90,,,4,gray image
3781,353,294,390,351,90,,,4,gray image
3781,386,303,432,363,90,,,4,gray image
3781,426,315,467,378,90,,,4,gray image
3781,463,325,514,402,90,,,4,gray image
3781,501,326,573,420,90,,,4,gray image
3781,524,301,577,351,90,,,4,gray image
3781,573,285,622,334,90,,,4,gray image
3781,4,289,41,376,90,,,4,gray image
3781,32,292,67,383,90,,,4,gray image
3781,40,328,90,436,90,,,4,gray image
3781,246,273,275,311,90,,,4,gray image
3781,284,280,308,321,90,,,4,gray image
3781,304,284,329,332,90,,,4,gray image
3786,97,91,246,580,377,378,,5,rare type
3786,251,157,434,588,377,378,,5,rare type
3788,416,132,602,350,307,308,311,5,rare type
3792,1,1,163,224,377,378,,1,occlusion
3792,105,2,406,354,377,378,,1,occlusion
3802,263,194,363,331,229,493,,2,truncation
3802,77,231,190,330,491,,,2,truncation
3805,558,147,614,328,353,354,,5,rare type
3830,345,132,504,374,229,493,,2,truncation
3830,40,225,173,384,491,,,2,truncation
3836,82,114,239,439,242,,,1,occlusion
3836,260,89,558,456,242,,,1,occlusion
3853,359,197,439,297,90,,,1,occlusion
3853,335,113,483,321,90,,,1,occlusion
3853,272,138,618,410,90,,,1,occlusion
3854,8,33,352,458,90,,,1,occlusion
3854,331,71,560,431,90,,,1,occlusion
3876,237,140,301,210,229,493,,2,truncation
3876,79,130,139,212,491,,,2,truncation
3881,174,92,600,375,94,,,1,occlusion
3895,34,8,220,450,203,,,5,rare type
3895,387,116,454,268,199,203,,5,rare type
3895,429,122,492,273,199,203,,5,rare type
3896,101,11,626,198,90,,,1,occlusion
3898,504,139,534,229,471,472,473,1,occlusion
3898,467,124,505,228,471,472,473,5,rare type
3898,518,136,571,237,471,472,473,5,rare type
3898,557,129,607,228,471,472,473,5,rare type
3915,319,227,625,513,90,,,1,occlusion
3943,77,93,384,588,229,493,,2,truncation
3962,314,8,627,168,90,,,1,occlusion
3972,136,170,210,353,90,,,4,gray image
3972,211,160,280,342,90,,,4,gray image
3972,336,156,389,364,90,,,4,gray image
3972,416,169,484,391,90,,,4,gray image
3990,49,15,248,510,377,378,,1,occlusion
3990,323,11,416,331,377,378,,1,occlusion
3996,169,125,292,385,229,493,,2,truncation
3997,391,99,560,372,229,493,,2,truncation
3997,119,177,264,366,491,,,2,truncation
4005,10,9,356,419,90,,,1,occlusion
4007,5,272,93,473,90,,,1,occlusion
4007,26,330,140,465,90,,,1,occlusion
4007,123,430,255,470,90,,,1,occlusion
4007,200,279,384,466,90,,,1,occlusion
4007,396,297,550,468,90,,,1,occlusion
4007,501,293,634,468,90,,,1,occlusion
4017,113,95,482,459,90,,,1,occlusion
4018,23,17,376,405,90,,,1,occlusion
4018,335,24,634,415,90,,,1,occlusion
4022,68,91,192,310,90,,,1,occlusion
4022,162,72,291,265,90,,,1,occlusion
4034,84,67,229,287,246,,,1,occlusion
4034,344,289,518,445,246,,,1,occlusion
4037,247,105,619,400,95,,,1,occlusion
4038,512,75,633,216,484,,,5,rare type
4040,47,53,500,416,95,,,1,occlusion
4044,176,116,309,400,246,,,1,occlusion
4044,300,148,444,401,246,,,1,occlusion
4044,416,105,575,398,246,,,1,occlusion
4047,382,72,578,402,284,285,288,1,occlusion
4068,168,80,400,438,493,,,1,occlusion
4079,11,25,456,582,90,,,1,occlusion
4083,187,19,589,410,90,,,1,occlusion
4095,10,197,188,456,90,,,1,occlusion
4095,90,138,198,297,90,,,1,occlusion
4095,150,125,206,230,90,,,1,occlusion
4095,189,134,241,215,90,,,1,occlusion
4095,355,124,402,227,90,,,1,occlusion
4095,377,122,477,299,90,,,1,occlusion
4109,259,110,440,402,229,493,,2,truncation
4113,41,12,343,275,90,,,1,occlusion
4116,12,122,189,399,90,,,1,occlusion
4116,95,104,197,295,90,,,1,occlusion
4116,152,116,229,235,90,,,1,occlusion
4116,352,111,453,260,90,,,1,occlusion
4116,421,115,528,329,90,,,1,occlusion
4116,438,133,634,417,90,,,1,occlusion
4124,465,210,509,286,209,210,213,1,occlusion
4124,481,212,542,390,209,210,213,5,rare type
4124,536,229,578,364,209,210,213,5,rare type
4124,456,237,480,293,209,210,213,6,small scale
4136,373,110,484,596,229,493,,2,truncation
4136,151,396,289,560,491,,,2,truncation
4144,412,9,626,286,90,,,1,occlusion
4147,79,113,172,283,458,460,462,1,occlusion
4147,604,175,633,261,458,460,462,2,truncation
4163,364,301,419,393,480,481,482,1,occlusion
4164,100,82,206,309,90,,,1,occlusion
4164,323,80,460,256,90,,,1,occlusion
4192,10,150,263,457,95,,,1,occlusion
4207,421,82,558,354,209,210,213,1,occlusion
4207,207,106,264,191,353,354,,1,occlusion
4207,502,88,618,481,353,354,,2,truncation
4207,4,137,97,484,288,284,285,2,truncation
4213,37,176,216,550,377,378,,1,occlusion
4240,347,61,604,390,377,378,,1,occlusion
4243,3,6,116,196,484,,,1,occlusion
4258,16,68,99,379,90,,,1,occlusion
4258,113,75,219,234,90,,,1,occlusion
4258,382,138,462,238,90,,,1,occlusion
4258,392,38,631,314,90,,,1,occlusion
4265,193,128,361,325,90,,,1,occlusion
4265,292,100,511,356,90,,,1,occlusion
4272,349,100,389,145,98,,,5,rare type
4272,278,82,339,154,98,,,5,rare type
4272,277,82,317,135,98,,,5,rare type
4278,121,120,248,357,90,,,1,occlusion
4279,162,192,235,308,90,,,1,occlusion
4279,244,227,334,380,90,,,1,occlusion
4279,59,252,138,327,90,,,1,occlusion
4284,405,336,447,388,229,493,,2,truncation
4284,483,373,527,418,491,,,2,truncation
4296,13,111,95,301,90,,,1,occlusion
4296,53,99,137,235,90,,,1,occlusion
4296,108,82,196,177,90,,,1,occlusion
4296,186,64,351,173,90,,,1,occlusion
4296,302,65,445,193,90,,,1,occlusion
4296,422,90,512,213,90,,,1,occlusion
4296,482,96,580,294,90,,,1,occlusion
4296,470,307,603,460,90,,,1,occlusion
4319,10,10,389,234,377,378,,5,rare type
4321,192,17,481,221,377,378,267,5,rare type
4324,45,197,167,387,90,,,1,occlusion
4324,156,187,250,328,90,,,1,occlusion
4324,246,186,316,290,90,,,1,occlusion
4324,315,180,368,282,90,,,1,occlusion
4324,349,163,413,261,90,,,1,occlusion
4324,415,153,483,237,90,,,1,occlusion
4346,132,55,247,154,90,,,1,occlusion
4346,301,68,407,163,90,,,1,occlusion
4346,404,84,521,164,90,,,1,occlusion
4346,463,139,628,319,90,,,1,occlusion
4371,31,45,308,477,377,378,,5,rare type
4371,256,206,451,482,377,378,,5,rare type
4374,6,165,58,331,90,,,1,occlusion
4374,26,116,138,274,90,,,1,occlusion
4374,156,108,260,266,90,,,1,occlusion
4374,240,95,318,206,90,,,1,occlusion
4374,286,54,398,179,90,,,1,occlusion
4374,376,101,468,187,90,,,1,occlusion
4374,485,93,583,204,90,,,1,occlusion
4374,492,209,615,444,90,,,1,occlusion
4380,163,182,266,279,90,,,1,occlusion
4380,266,204,326,266,90,,,1,occlusion
4380,477,200,596,314,90,,,1,occlusion
4382,260,163,438,461,229,493,,2,truncation
4387,1,8,265,469,90,,,1,occlusion
4387,40,105,184,320,90,,,1,occlusion
4387,124,103,278,263,90,,,1,occlusion
4387,357,122,489,273,90,,,1,occlusion
4387,468,76,622,309,90,,,1,occlusion
4389,103,114,406,494,229,493,,2,truncation
4405,205,15,407,445,377,378,,5,rare type
4408,81,254,145,468,209,210,213,5,rare type
4408,143,258,203,369,209,210,213,5,rare type
4408,134,321,214,510,209,210,213,5,rare type
4422,26,6,614,240,377,378,,5,rare type
4426,354,123,538,364,409,413,,5,rare type
4427,282,84,507,405,229,493,,2,truncation
4433,229,184,368,421,90,,,1,occlusion
4454,227,91,356,380,229,493,,2,truncation
4454,296,271,504,405,491,,,2,truncation
4458,80,270,226,615,246,,,1,occlusion
4458,224,200,387,579,246,,,1,occlusion
4458,290,49,558,531,246,,,1,occlusion
4461,418,213,552,421,229,493,,2,truncation
4461,202,281,323,423,491,,,2,truncation
4465,34,11,203,595,353,354,,5,rare type
4468,35,57,429,619,90,,,1,occlusion
4474,36,46,364,363,90,,,1,occlusion
4506,29,162,288,462,90,,,1,occlusion
4506,97,166,197,297,90,,,1,occlusion
4506,192,184,253,267,90,,,1,occlusion
4506,249,165,323,268,90,,,1,occlusion
4506,309,188,430,262,90,,,1,occlusion
4511,217,49,360,409,489,,,5,rare type
4512,138,14,411,356,90,,,1,occlusion
4518,71,10,362,397,377,378,,5,rare type
4537,599,307,629,336,480,481,482,6,small scale
4538,94,105,261,268,90,,,1,occlusion
4538,317,68,480,236,90,,,1,occlusion
4548,13,13,613,397,90,,,1,occlusion
4560,39,32,436,433,382,,,5,rare type
4561,14,77,124,392,90,,,1,occlusion
4561,326,66,532,297,90,,,1,occlusion
4561,489,72,591,412,90,,,1,occlusion
4563,39,134,213,332,90,,,1,occlusion
4563,99,139,171,257,90,,,1,occlusion
4563,162,122,257,253,90,,,1,occlusion
4563,289,128,425,204,90,,,1,occlusion
4563,432,158,491,218,90,,,1,occlusion
4563,491,118,578,240,90,,,1,occlusion
4563,463,142,625,358,90,,,1,occlusion
4565,368,245,436,339,229,493,,2,truncation
4565,321,337,392,399,491,,,2,truncation
4568,7,81,567,596,94,,,5,rare type
4582,308,151,456,299,90,,,1,occlusion
4582,50,16,373,402,269,272,,5,rare type
4599,260,58,311,124,19,20,21,1,occlusion
4599,27,142,47,190,19,20,21,1,occlusion
4599,51,141,73,197,19,20,21,1,occlusion
4599,177,117,201,174,19,20,21,1,occlusion
4599,69,137,87,181,19,20,21,6,small scale
4599,48,140,64,211,19,20,21,6,small scale
4600,20,19,466,456,487,,,5,rare type
4605,269,22,537,313,535,493,537,2,truncation
4618,14,60,309,630,493,,,2,truncation
4642,197,134,300,240,90,,,1,occlusion
4642,366,138,456,227,90,,,1,occlusion
4642,408,142,563,292,90,,,1,occlusion
4668,408,66,627,468,377,378,,5,rare type
4668,104,70,202,305,284,285,,5,rare type
4673,220,118,336,348,377,378,,5,rare type
4673,286,80,387,339,377,378,,5,rare type
4673,397,79,493,353,377,378,,5,rare type
4673,389,81,631,365,377,378,,5,rare type
4678,5,44,403,552,90,,,1,occlusion
4702,9,124,267,442,90,,,1,occlusion
4702,222,79,415,382,90,,,1,occlusion
4702,346,9,499,309,90,,,1,occlusion
4702,486,15,606,284,90,,,1,occlusion
4702,167,11,272,213,90,,,1,occlusion
4702,28,14,184,209,90,,,1,occlusion
4702,308,7,411,125,90,,,1,occlusion
4702,3,7,72,145,90,,,1,occlusion
4703,360,73,570,468,490,494,,5,rare type
4703,76,42,356,455,489,,,5,rare type
4710,266,159,479,333,331,332,,5,rare type
4719,126,142,171,199,19,20,21,1,occlusion
4719,46,163,90,211,19,20,21,1,occlusion
4719,98,157,134,220,19,20,21,1,occlusion
4719,197,165,230,339,19,20,21,1,occlusion
4719,163,153,198,299,19,20,21,1,occlusion
4719,391,159,423,229,19,20,21,1,occlusion
4725,29,256,196,492,90,,,1,occlusion
4725,462,240,603,397,90,,,1,occlusion
4737,470,140,588,348,95,,,1,occlusion
4737,352,178,449,349,95,,,1,occlusion
4737,287,179,365,432,95,,,1,occlusion
4737,225,212,356,519,95,,,1,occlusion
4737,53,210,283,547,95,,,1,occlusion
4737,9,122,199,576,95,,,1,occlusion
4740,96,265,129,294,524,525,,6,small scale
4740,52,318,91,355,524,525,,6,small scale
4740,376,297,403,330,524,525,,6,small scale
4761,5,1,509,187,377,378,,5,rare type
4767,7,10,413,624,246,,,5,rare type
4768,274,168,335,328,209,210,213,5,rare type
4783,337,94,549,439,493,,,2,truncation
4783,11,227,191,442,491,,,2,truncation
4789,338,79,484,271,90,,,1,occlusion
4789,487,113,628,321,90,,,1,occlusion
4790,313,201,490,442,95,,,1,occlusion
4790,373,310,636,467,94,95,,1,occlusion
4796,453,147,624,403,284,285,288,5,rare type
4796,349,80,477,395,377,378,,5,rare type
4810,492,187,592,292,246,,,1,occlusion
4810,379,177,484,301,246,,,1,occlusion
4816,233,126,467,332,90,,,1,occlusion
4823,23,49,472,571,493,,,2,truncation
4826,30,3,377,317,216,219,222,5,rare type
4832,221,129,593,547,90,,,1,occlusion
4837,129,128,266,292,90,,,1,occlusion
4837,371,119,547,372,90,,,1,occlusion
4838,30,208,403,470,90,,,1,occlusion
4847,522,118,547,147,490,492,,3,transparency
4847,156,166,219,218,490,492,,5,rare type
4847,198,155,249,190,490,492,,5,rare type
4847,222,138,249,165,490,492,,5,rare type
4847,266,137,290,175,490,492,,5,rare type
4847,45,171,86,197,490,492,,5,rare type
4847,18,179,58,212,490,492,,6,small scale
4847,598,113,633,160,490,492,,6,small scale
4847,494,124,533,163,490,492,,6,small scale
4847,451,125,480,147,490,492,,6,small scale
4855,47,124,264,411,191,192,,1,occlusion
4855,488,225,632,415,191,192,,1,occlusion
4855,371,206,542,335,191,192,,1,occlusion
4855,497,178,533,251,191,192,,6,small scale
4856,313,318,555,468,90,,,1,occlusion
4858,4,197,349,465,90,,,1,occlusion
4858,485,6,636,236,90,,,1,occlusion
4866,6,167,170,460,90,,,1,occlusion
4866,110,186,232,357,90,,,1,occlusion
4866,197,193,255,297,90,,,1,occlusion
4866,225,176,277,271,90,,,1,occlusion
4866,274,180,340,254,90,,,1,occlusion
4866,351,189,416,281,90,,,1,occlusion
4866,389,172,510,317,90,,,1,occlusion
4866,392,198,533,396,90,,,1,occlusion
4866,474,183,628,468,90,,,1,occlusion
4872,7,21,259,459,296,297,298,2,truncation
4872,95,14,442,472,296,297,298,5,rare type
4873,13,139,273,386,90,,,1,occlusion
4878,151,50,550,505,90,,,1,occlusion
4890,145,37,389,588,90,,,1,occlusion
4893,16,12,264,339,90,,,1,occlusion
4896,72,61,382,468,90,,,1,occlusion
4901,32,93,201,317,95,,,1,occlusion
4901,187,63,338,316,95,,,1,occlusion
4901,330,11,566,363,95,,,1,occlusion
4913,445,116,579,325,460,462,,2,truncation
4929,118,11,625,304,377,378,,5,rare type
4938,113,139,165,208,90,,,1,occlusion
4938,12,146,116,339,90,,,1,occlusion
4938,132,128,231,244,90,,,1,occlusion
4938,280,130,360,224,90,,,1,occlusion
4938,400,128,501,246,90,,,1,occlusion
4951,4,12,230,464,377,378,,5,rare type
4951,80,0,281,328,377,378,,5,rare type
4951,270,8,427,276,377,378,,5,rare type
4951,3,3,169,336,377,378,,5,rare type
4953,198,61,345,374,489,,,5,rare type
4953,153,100,244,311,489,,,5,rare type
4956,320,89,415,274,246,,,1,occlusion
4956,391,85,471,272,246,,,1,occlusion
4956,427,105,503,235,246,,,1,occlusion
4956,462,105,514,228,246,,,1,occlusion
4956,521,110,561,226,246,,,1,occlusion
4956,538,116,581,218,246,,,1,occlusion
4965,6,187,250,456,90,,,1,occlusion
4965,50,156,155,341,90,,,1,occlusion
4965,98,141,220,277,90,,,1,occlusion
4965,185,145,271,262,90,,,1,occlusion
4965,278,150,368,240,90,,,1,occlusion
4965,398,130,477,247,90,,,1,occlusion
4965,476,151,573,272,90,,,1,occlusion
4965,352,201,558,461,90,,,1,occlusion
4966,10,147,224,337,90,,,1,occlusion
4966,167,135,327,276,90,,,1,occlusion
4966,347,145,598,306,90,,,1,occlusion
4983,140,24,603,401,164,,,5,rare type
4992,150,164,232,285,229,493,227,2,truncation
4995,5,6,378,453,90,,,1,occlusion
4995,384,94,628,391,90,,,1,occlusion
5001,207,81,364,487,209,210,213,5,rare type
5006,77,12,616,405,377,378,,5,rare type
5011,343,97,458,342,98,,,5,rare type
5018,97,62,626,416,246,,,1,occlusion
5022,30,10,468,464,90,,,1,occlusion
5022,474,15,625,446,90,,,1,occlusion
5023,0,91,211,359,90,,,1,occlusion
5023,439,131,599,340,90,,,1,occlusion
5031,146,131,277,263,90,,,1,occlusion
5037,58,110,358,364,90,,,1,occlusion
5047,184,22,453,428,377,378,,5,rare type
5056,95,15,558,396,90,,,1,occlusion
5058,4,160,121,389,90,,,1,occlusion
5058,17,197,331,404,90,,,1,occlusion
5058,172,95,344,287,90,,,1,occlusion
5058,350,72,556,290,90,,,1,occlusion
5058,366,218,630,357,90,,,1,occlusion
5060,21,17,326,415,246,,,1,occlusion
5060,351,27,612,260,246,,,1,occlusion
5063,184,26,451,295,90,,,1,occlusion
5064,5,12,209,335,90,,,1,occlusion
5064,129,28,305,272,90,,,1,occlusion
5064,419,17,617,459,90,,,1,occlusion
5065,256,2,612,468,90,,,1,occlusion
5071,38,48,336,451,379,,,1,occlusion
5071,313,309,557,465,90,,,1,occlusion
5075,8,42,334,530,90,,,1,occlusion
5086,177,12,624,335,90,,,1,occlusion
5118,1,99,85,197,90,,,1,occlusion
5118,206,81,287,160,90,,,1,occlusion
5118,338,72,415,145,90,,,1,occlusion
5118,489,87,583,204,90,,,1,occlusion
5118,10,168,222,410,90,,,1,occlusion
5118,566,124,628,218,90,,,1,occlusion
5118,446,187,634,413,90,,,1,occlusion
5118,42,125,86,186,90,,,1,occlusion
5135,18,33,367,350,90,,,1,occlusion
5137,269,51,550,411,493,,,2,truncation
5142,296,109,428,345,90,,,1,occlusion
5142,415,101,604,326,90,,,1,occlusion
5153,110,244,335,490,493,,,2,truncation
5160,259,262,450,529,90,,,1,occlusion
5160,312,203,618,546,90,,,1,occlusion
5162,182,110,351,258,90,,,1,occlusion
5162,365,133,462,265,90,,,1,occlusion
5162,532,165,631,405,90,,,1,occlusion
5164,255,234,324,300,90,,,1,occlusion
5164,349,232,404,299,90,,,1,occlusion
5164,373,216,457,374,90,,,1,occlusion
5165,64,126,163,323,90,,,4,gray image
5165,66,101,267,458,90,,,4,gray image
5165,357,138,490,293,90,,,4,gray image
5165,376,147,564,459,90,,,4,gray image
5186,293,180,340,219,39,40,42,1,occlusion
5186,129,197,195,269,39,40,42,5,rare type
5186,257,184,306,239,39,40,42,5,rare type
5208,17,221,180,459,90,,,1,occlusion
5208,25,150,124,303,90,,,1,occlusion
5208,122,137,229,279,90,,,1,occlusion
5208,263,111,413,267,90,,,1,occlusion
5208,426,144,531,314,90,,,1,occlusion
5208,475,228,611,463,90,,,1,occlusion
5208,545,160,626,347,90,,,1,occlusion
5208,442,61,517,145,90,,,1,occlusion
5208,513,80,550,147,90,,,1,occlusion
5208,533,99,599,170,90,,,1,occlusion
5208,575,67,619,152,90,,,1,occlusion
5208,252,79,322,184,90,,,1,occlusion
5208,171,65,270,246,90,,,1,occlusion
5237,398,17,543,266,98,,,5,rare type
5257,366,76,634,422,90,,,1,occlusion
5285,33,180,335,460,95,,,1,occlusion
5286,22,186,118,412,246,,,1,occlusion
5286,104,186,183,411,246,,,1,occlusion
5286,181,171,261,376,246,,,1,occlusion
5286,246,167,319,358,246,,,1,occlusion
5286,322,175,392,302,246,,,1,occlusion
5286,392,173,458,347,246,,,1,occlusion
5286,455,177,539,403,246,,,1,occlusion
5286,525,179,607,387,246,,,1,occlusion
5312,52,344,348,627,229,493,227,2,truncation
5319,82,141,205,325,90,,,1,occlusion
5319,210,126,300,258,90,,,1,occlusion
5322,60,78,346,550,493,,,2,truncation
5323,472,160,579,430,284,285,288,5,rare type
5344,550,76,633,151,154,155,156,1,occlusion
5344,398,7,476,69,154,155,156,5,rare type
5344,516,5,619,65,154,155,156,5,rare type
5360,11,9,342,357,90,,,1,occlusion
5362,104,6,441,624,118,121,,5,rare type
5375,196,112,296,225,90,,,1,occlusion
5375,371,114,433,232,90,,,1,occlusion
5375,343,132,576,404,90,,,1,occlusion
5377,8,51,192,439,90,,,1,occlusion
5377,313,151,475,310,90,,,1,occlusion
5395,17,88,290,419,90,,,1,occlusion
5395,127,127,242,305,90,,,1,occlusion
5395,191,114,288,267,90,,,1,occlusion
5395,267,107,354,229,90,,,1,occlusion
5395,443,117,527,244,90,,,1,occlusion
5395,477,132,618,326,90,,,1,occlusion
5395,375,143,631,415,90,,,1,occlusion
5431,508,98,576,229,98,106,,5,rare type
5441,12,275,326,621,493,,,2,truncation
5474,503,10,568,252,353,354,,4,gray image
5486,91,450,135,527,480,481,482,1,occlusion
5486,8,386,70,518,480,481,482,5,rare type
5490,48,46,147,134,401,402,404,5,rare type
5490,387,47,593,127,401,402,404,5,rare type
5492,43,44,408,229,90,,,1,occlusion
5500,12,128,326,618,205,,,5,rare type
5510,50,52,188,364,90,,,1,occlusion
5510,265,104,352,195,90,,,1,occlusion
5510,437,73,543,421,90,,,1,occlusion
5518,262,101,600,398,90,,,1,occlusion
5518,431,8,614,410,90,,,1,occlusion
5520,74,31,515,620,377,379,,5,rare type
5522,226,4,626,342,95,,,1,occlusion
5527,80,57,334,609,493,,,5,rare type
5538,301,198,445,395,229,493,227,2,truncation
5538,402,252,541,399,491,,,2,truncation
5560,12,69,226,321,90,,,1,occlusion
5560,357,92,593,342,90,,,1,occlusion
5562,30,47,295,591,90,,,1,occlusion
5563,316,137,394,210,90,,,1,occlusion
5563,485,149,555,193,90,,,1,occlusion
5566,143,129,309,251,90,,,1,occlusion
5566,122,345,310,554,90,,,5,rare type
5566,337,351,466,596,90,,,5,rare type
5584,154,52,306,194,90,,,1,occlusion
5584,415,101,621,422,90,,,1,occlusion
5586,159,181,250,263,90,,,1,occlusion
5586,413,156,517,281,90,,,1,occlusion
5586,492,204,614,293,90,,,1,occlusion
5586,1,185,75,242,90,,,1,occlusion
5597,113,84,259,333,90,,,1,occlusion
5597,324,77,482,209,90,,,1,occlusion
5600,20,103,163,444,90,,,1,occlusion
5600,250,94,398,286,90,,,1,occlusion
5600,427,119,608,438,90,,,1,occlusion
5603,7,11,487,407,90,,,1,occlusion
5603,194,15,349,305,90,,,1,occlusion
5603,505,0,635,195,90,,,1,occlusion
5605,176,161,618,380,181,,,5,rare type
5619,53,35,243,269,161,164,,1,occlusion
5619,171,38,300,226,272,,,1,occlusion
5619,302,93,436,259,90,,,1,occlusion
5625,372,47,567,425,90,,,1,occlusion
5631,217,195,284,375,209,210,213,5,rare type
5631,139,197,214,366,209,210,213,5,rare type
5631,78,200,131,354,209,210,213,5,rare type
5634,153,8,427,293,90,,,1,occlusion
5634,334,82,624,353,90,,,1,occlusion
5636,26,15,316,602,353,354,,5,rare type
5645,9,7,432,467,441,443,444,1,occlusion
5649,57,139,193,273,90,,,1,occlusion
5649,186,192,254,272,90,,,1,occlusion
5649,241,119,365,234,90,,,1,occlusion
5649,342,123,432,223,90,,,1,occlusion
5649,467,129,629,257,90,,,1,occlusion
5650,26,34,405,397,90,,,1,occlusion
5668,166,58,388,622,308,,,5,rare type
5672,4,79,90,197,90,,,1,occlusion
5672,147,92,231,168,90,,,1,occlusion
5672,272,65,385,173,90,,,1,occlusion
5672,423,92,534,184,90,,,1,occlusion
5672,396,88,614,252,90,,,1,occlusion
5678,251,178,318,299,471,472,473,1,occlusion
5691,420,87,497,171,220,,,5,rare type
5698,187,192,315,345,246,,,1,occlusion
5699,34,49,586,609,90,,,1,occlusion
5699,554,72,637,365,90,,,1,occlusion
5701,264,183,471,368,90,,,1,occlusion
5707,407,46,611,261,90,,,1,occlusion
5707,238,163,346,239,90,,,1,occlusion
5713,112,62,329,553,493,,,2,truncation
5714,419,100,492,167,90,,,1,occlusion
5716,38,71,334,408,90,,,1,occlusion
5716,229,15,520,389,90,,,1,occlusion
5721,1,193,92,470,90,,,1,occlusion
5721,24,169,118,319,90,,,1,occlusion
5721,84,173,146,280,90,,,1,occlusion
5721,248,165,290,271,90,,,1,occlusion
5721,253,191,317,311,90,,,1,occlusion
5721,240,192,383,371,90,,,1,occlusion
5721,282,231,414,545,90,,,1,occlusion
5721,339,333,423,556,90,,,1,occlusion
5724,68,251,95,279,26,30,,1,occlusion
5724,572,298,601,317,26,30,,1,occlusion
5724,495,312,512,324,26,30,,1,occlusion
5724,587,305,608,325,26,30,,1,occlusion
5724,277,291,308,310,26,30,,1,occlusion
5724,318,296,339,310,26,30,,1,occlusion
5724,350,302,377,323,26,30,,1,occlusion
5724,344,313,374,338,26,30,,1,occlusion
5724,411,302,434,322,26,30,,1,occlusion
5724,616,327,636,355,26,30,,2,truncation
5724,102,264,128,301,26,30,,5,rare type
5724,106,247,141,282,26,30,,5,rare type
5724,234,227,285,271,26,30,,5,rare type
5724,322,249,351,278,26,30,,5,rare type
5724,387,258,417,281,26,30,,5,rare type
5724,352,261,372,287,26,30,,5,rare type
5724,396,279,428,300,26,30,,5,rare type
5724,429,283,448,299,26,30,,5,rare type
5724,491,295,515,316,26,30,,5,rare type
5724,396,284,445,306,26,30,,5,rare type
5732,194,83,351,330,493,,,2,truncation
5732,295,201,497,359,491,,,2,truncation
5750,5,112,96,414,90,,,1,occlusion
5750,197,142,395,337,90,,,1,occlusion
5750,564,218,611,284,90,,,1,occlusion
5750,586,213,614,261,90,,,1,occlusion
5750,475,224,538,280,90,,,1,occlusion
5754,19,16,326,613,90,,,1,occlusion
5754,299,16,417,620,90,,,2,truncation
5761,124,172,179,243,90,,,1,occlusion
5761,158,186,212,283,90,,,1,occlusion
5761,261,166,292,210,90,,,1,occlusion
5761,302,176,349,239,90,,,1,occlusion
5761,353,175,402,259,90,,,1,occlusion
5761,280,171,310,226,90,,,6,small scale
5761,301,168,331,232,90,,,6,small scale
5768,512,170,633,465,61,62,,1,occlusion
5768,255,201,323,248,61,62,,1,occlusion
5768,33,13,521,465,61,62,,2,truncation
5783,101,12,566,387,90,,,1,occlusion
5786,371,36,431,89,90,,,1,occlusion
5786,480,32,539,90,90,,,1,occlusion
5786,316,81,429,243,90,,,1,occlusion
5786,414,97,481,238,90,,,1,occlusion
5786,481,87,612,313,90,,,1,occlusion
5786,342,149,623,462,90,,,1,occlusion
5786,153,61,241,193,90,,,1,occlusion
5786,40,99,104,160,90,,,1,occlusion
5786,7,116,95,411,90,,,1,occlusion
5788,444,97,561,281,90,,,1,occlusion
5788,438,114,625,416,90,,,1,occlusion
5788,12,117,155,465,95,,,1,occlusion
5789,31,157,109,259,90,,,1,occlusion
5789,142,148,232,213,90,,,1,occlusion
5789,224,145,303,215,90,,,1,occlusion
5789,295,150,344,223,90,,,1,occlusion
5789,322,155,369,232,90,,,1,occlusion
5789,367,131,400,192,90,,,1,occlusion
5789,363,152,459,262,90,,,1,occlusion
5795,312,66,501,374,90,,,1,occlusion
5796,143,146,191,252,460,462,,1,occlusion
5796,523,269,564,361,460,462,,1,occlusion
5796,591,279,609,317,460,462,,6,small scale
5797,13,14,330,409,176,181,,5,rare type
5797,391,84,633,413,176,181,,5,rare type
5807,122,178,203,293,90,,,1,occlusion
5807,394,152,488,245,90,,,1,occlusion
5807,485,147,579,247,90,,,1,occlusion
5807,255,157,340,289,90,,,1,occlusion
5807,97,213,264,431,90,,,1,occlusion
5818,23,229,125,360,90,,,1,occlusion
5818,95,244,215,418,90,,,1,occlusion
5818,159,178,288,343,90,,,1,occlusion
5818,247,219,303,325,90,,,1,occlusion
5818,236,155,314,302,90,,,1,occlusion
5818,281,162,340,278,90,,,1,occlusion
5818,316,155,402,263,90,,,1,occlusion
5818,479,138,541,253,90,,,1,occlusion
5818,448,153,588,313,90,,,1,occlusion
5836,15,169,295,462,90,,,1,occlusion
5836,83,122,221,304,90,,,1,occlusion
5836,217,74,339,269,90,,,1,occlusion
5836,284,127,349,250,90,,,1,occlusion
5836,382,134,463,227,90,,,1,occlusion
5836,394,137,629,462,90,,,1,occlusion
5837,151,35,337,278,493,,,1,occlusion
5837,28,62,92,252,493,,,1,occlusion
5837,407,122,541,276,491,,,1,occlusion
5841,131,42,435,343,90,,,1,occlusion
5865,12,105,139,441,90,,,1,occlusion
5865,98,210,238,326,90,,,1,occlusion
5865,112,81,260,296,90,,,1,occlusion
5865,398,81,576,283,90,,,1,occlusion
5866,110,8,462,413,493,,,2,truncation
5869,3,121,149,412,90,,,1,occlusion
5869,48,83,176,326,90,,,1,occlusion
5869,179,73,281,235,90,,,1,occlusion
5869,289,93,385,218,90,,,1,occlusion
5869,546,110,630,410,90,,,1,occlusion
5869,440,205,598,409,90,,,1,occlusion
5878,76,83,362,516,493,,,2,truncation
5895,49,111,251,365,90,,,1,occlusion
5895,510,130,630,412,90,,,1,occlusion
5907,274,240,375,426,493,,,2,truncation
5907,414,319,532,448,491,,,2,truncation
5909,53,50,624,256,241,,,5,rare type
5926,278,343,303,369,471,472,473,1,occlusion
5926,242,348,262,368,471,472,473,6,small scale
5926,265,343,282,364,471,472,473,6,small scale
5950,126,148,222,260,90,,,1,occlusion
5950,202,75,324,247,90,,,1,occlusion
5950,391,82,540,290,90,,,1,occlusion
5950,425,225,551,423,90,,,1,occlusion
5950,391,269,628,467,90,,,1,occlusion
5953,179,62,244,161,90,,,1,occlusion
5953,210,68,282,154,90,,,1,occlusion
5953,197,53,236,82,90,,,1,occlusion
5953,215,32,250,76,90,,,1,occlusion
5953,327,36,368,101,90,,,1,occlusion
5953,346,57,393,126,90,,,1,occlusion
5953,389,42,441,155,90,,,1,occlusion
5953,414,50,492,170,90,,,1,occlusion
5972,120,30,384,405,493,,,2,truncation
5977,298,148,404,406,353,354,,5,rare type
5985,209,82,308,173,90,,,1,occlusion
5994,12,105,138,245,90,,,1,occlusion
5994,116,59,284,263,90,,,1,occlusion
5994,243,106,377,270,90,,,1,occlusion
5994,349,155,466,303,90,,,1,occlusion
5996,205,146,420,367,90,,,1,occlusion
5998,334,97,570,354,493,,,2,truncation
5998,115,175,280,364,491,,,2,truncation
5999,519,370,555,406,471,472,473,1,occlusion
5999,556,365,598,404,471,472,473,1,occlusion
5999,410,352,438,388,471,472,473,1,occlusion
6001,38,85,100,206,507,508,509,1,occlusion
6001,174,122,197,187,507,508,509,6,small scale
6001,209,127,232,180,507,508,509,6,small scale
6004,4,16,142,328,90,,,1,occlusion
6004,18,77,279,397,90,,,1,occlusion
6004,290,105,622,399,90,,,1,occlusion
6033,6,9,258,627,377,378,,5,rare type
6038,3,271,57,449,460,462,,1,occlusion
6038,17,255,97,422,460,462,,1,occlusion
6038,8,363,46,473,460,462,,2,truncation
6040,352,9,620,437,90,,,1,occlusion
6042,98,36,364,336,90,,,1,occlusion
6042,3,129,94,360,90,,,1,occlusion
6042,328,144,464,346,90,,,1,occlusion
6050,1,174,76,405,90,,,1,occlusion
6050,49,170,205,362,90,,,1,occlusion
6050,152,101,323,253,90,,,1,occlusion
6050,327,82,482,228,90,,,1,occlusion
6050,489,87,627,256,90,,,1,occlusion
6050,497,156,630,456,90,,,1,occlusion
6083,61,353,202,466,90,,,1,occlusion
6083,38,329,88,379,90,,,1,occlusion
6083,67,286,108,348,90,,,1,occlusion
6083,126,298,162,337,90,,,1,occlusion
6083,162,303,213,365,90,,,1,occlusion
6083,212,221,255,258,90,,,1,occlusion
6083,248,228,289,268,90,,,1,occlusion
6083,214,270,267,321,90,,,1,occlusion
6083,276,251,325,318,90,,,1,occlusion
6083,291,213,325,256,90,,,1,occlusion
6083,311,229,348,286,90,,,1,occlusion
6083,346,228,400,292,90,,,1,occlusion
6083,386,214,430,268,90,,,1,occlusion
6083,455,82,489,124,90,,,1,occlusion
6083,502,199,539,240,90,,,1,occlusion
6083,531,215,572,262,90,,,1,occlusion
6084,48,11,344,401,90,,,1,occlusion
6084,155,227,398,412,90,,,1,occlusion
6113,525,6,559,60,471,472,473,1,occlusion
6113,574,17,615,65,471,472,473,6,small scale
6167,394,12,630,450,90,,,1,occlusion
6180,80,161,288,408,90,48,49,1,occlusion
6180,401,179,618,472,90,,,1,occlusion
6184,14,8,388,400,90,,,1,occlusion
6188,12,107,233,341,90,,,1,occlusion
6188,238,90,447,336,90,,,1,occlusion
6188,379,82,617,414,90,,,1,occlusion
6190,194,149,359,594,353,354,,5,rare type
6190,249,109,355,429,353,354,,5,rare type
6214,218,173,329,397,493,,,2,truncation
6222,2,91,172,464,90,,,1,occlusion
6222,303,98,459,299,90,,,1,occlusion
6222,391,123,538,358,90,,,1,occlusion
6222,509,112,627,451,90,,,1,occlusion
6230,282,191,441,365,229,493,227,2,truncation
6230,154,236,296,343,491,,,2,truncation
6230,499,94,594,269,229,493,227,2,truncation
6251,62,12,457,619,90,,,1,occlusion
6257,37,143,432,514,90,,,1,occlusion
6264,59,31,606,406,493,,,2,truncation
6274,402,96,426,144,19,20,21,1,occlusion
6274,400,100,425,160,19,20,21,5,rare type
6274,419,96,436,148,19,20,21,5,rare type
6274,438,92,469,137,19,20,21,5,rare type
6274,484,88,511,125,19,20,21,6,small scale
6274,469,77,490,100,19,20,21,6,small scale
6274,489,73,513,97,19,20,21,6,small scale
6274,496,60,513,75,19,20,21,6,small scale
6274,466,50,483,69,19,20,21,6,small scale
6274,488,49,506,71,19,20,21,6,small scale
6279,1,76,133,452,90,,,1,occlusion
6279,4,84,98,332,90,,,1,occlusion
6279,84,99,235,261,90,,,1,occlusion
6279,270,75,395,280,90,,,1,occlusion
6279,342,150,454,333,90,,,1,occlusion
6279,431,63,627,432,90,,,1,occlusion
6279,544,356,631,448,90,,,1,occlusion
6284,256,255,284,302,471,472,473,4,gray image
6284,306,247,326,274,471,472,473,4,gray image
6284,317,249,342,274,471,472,473,4,gray image
6284,347,256,378,320,471,472,473,4,gray image
6284,408,247,432,308,471,472,473,4,gray image
6287,315,140,615,463,90,,,1,occlusion
6288,215,41,376,249,90,,,1,occlusion
6296,346,80,413,273,353,354,,5,rare type
6299,301,129,409,391,493,,,2,truncation
6303,27,101,291,427,90,,,1,occlusion
6303,352,74,604,424,90,,,1,occlusion
6308,223,205,311,336,229,493,227,2,truncation
6308,95,234,178,340,491,,,2,truncation
6327,14,164,140,475,61,62,,1,occlusion
6327,251,122,358,479,61,62,,1,occlusion
6327,116,239,151,312,61,62,,1,occlusion
6327,197,255,229,319,61,62,,1,occlusion
6328,49,15,252,176,90,,,1,occlusion
6328,233,12,424,176,90,,,1,occlusion
6328,403,2,631,158,90,,,1,occlusion
6345,202,9,421,323,493,,,2,truncation
6345,15,142,216,346,491,,,2,truncation
6348,71,27,303,307,90,,,1,occlusion
6348,345,17,619,444,90,,,1,occlusion
6353,170,113,255,386,215,220,,5,rare type
6387,126,79,262,402,353,354,,5,rare type
6388,141,46,263,219,90,,,1,occlusion
6388,424,54,506,236,90,,,1,occlusion
6388,469,57,600,249,90,,,1,occlusion
6389,269,174,410,426,12,20,,5,rare type
6407,265,107,434,484,284,285,288,1,occlusion
6408,279,41,483,312,493,,,2,truncation
6408,400,35,609,270,493,,,2,truncation
6416,4,10,137,374,90,,,1,occlusion
6416,63,44,165,263,90,,,1,occlusion
6416,311,107,455,315,90,,,1,occlusion
6420,190,118,320,267,90,,,1,occlusion
6420,371,180,460,276,90,,,1,occlusion
6420,480,130,623,332,90,,,1,occlusion
6441,170,210,197,262,19,20,21,1,occlusion
6441,228,207,260,278,19,20,21,1,occlusion
6441,331,204,361,243,19,20,21,1,occlusion
6441,368,203,387,258,19,20,21,1,occlusion
6441,393,207,413,273,19,20,21,1,occlusion
6441,435,205,457,262,19,20,21,1,occlusion
6441,12,220,30,275,19,20,21,1,occlusion
6441,41,221,61,258,19,20,21,1,occlusion
6441,81,214,96,258,19,20,21,1,occlusion
6441,130,211,148,245,19,20,21,1,occlusion
6455,293,57,508,276,90,,,1,occlusion
6477,95,139,125,196,154,155,156,1,occlusion
6477,474,125,521,240,154,155,156,5,rare type
6478,192,16,431,206,90,,,1,occlusion
6478,398,7,623,232,90,,,1,occlusion
6483,295,56,490,325,229,493,227,2,truncation
6483,92,114,274,298,491,,,2,truncation
6488,37,158,351,549,229,493,227,5,rare type
6491,190,121,552,397,90,,,1,occlusion
6503,276,11,628,255,377,378,,5,rare type
6505,6,3,238,104,90,,,1,occlusion
6524,21,39,342,410,90,,,1,occlusion
6524,316,42,582,434,90,,,1,occlusion
6531,465,161,578,394,471,472,473,1,occlusion
6531,5,256,69,460,471,472,473,2,truncation
6564,49,26,329,507,90,,,1,occlusion
6568,56,268,163,581,95,,,4,gray image
6568,145,312,243,563,95,,,4,gray image
6580,307,116,442,312,493,,,2,truncation
6580,91,189,204,309,491,,,2,truncation
6581,198,48,432,595,377,378,,5,rare type
6591,73,57,354,362,90,,,1,occlusion
6601,241,16,411,200,90,,,1,occlusion
6612,193,241,237,289,500,501,,2,truncation
6612,172,268,204,298,491,,,6,small scale
6612,358,185,388,214,491,,,6,small scale
6612,537,201,578,244,491,,,6,small scale
6621,313,303,364,349,471,472,473,2,truncation
6621,366,303,413,352,471,472,473,2,truncation
6621,478,161,509,190,473,,,6,small scale
6622,250,72,322,158,19,20,21,1,occlusion
6622,18,99,115,350,19,20,21,1,occlusion
6622,376,105,423,171,19,20,21,5,rare type
6622,230,70,281,122,19,20,21,5,rare type
6623,39,159,207,401,90,,,1,occlusion
6623,106,162,216,311,90,,,1,occlusion
6623,166,124,271,255,90,,,1,occlusion
6623,341,125,431,287,90,,,1,occlusion
6623,425,137,515,299,90,,,1,occlusion
6623,408,158,621,402,90,,,1,occlusion
6643,281,164,374,270,90,,,1,occlusion
6643,443,177,539,289,90,,,1,occlusion
6643,501,199,625,405,90,,,1,occlusion
6650,220,252,253,296,480,481,482,1,occlusion
6650,265,263,286,291,480,481,482,1,occlusion
6650,322,256,360,294,480,481,482,1,occlusion
6650,57,220,137,349,471,472,473,5,rare type
6675,11,103,89,480,90,,,1,occlusion
6675,376,221,466,467,90,,,1,occlusion
6680,95,191,120,224,19,20,21,1,occlusion
6680,248,195,274,228,19,20,21,1,occlusion
6680,55,193,78,235,19,20,21,6,small scale
6680,111,193,136,239,19,20,21,6,small scale
6680,149,196,162,227,19,20,21,6,small scale
6680,212,194,233,237,19,20,21,6,small scale
6702,60,103,213,469,493,,,2,truncation
6702,198,71,479,491,491,,,2,truncation
6702,333,186,500,476,491,,,2,truncation
6739,60,126,382,598,493,,,2,truncation
6740,476,164,549,415,246,,,1,occlusion
6740,566,184,627,420,246,,,1,occlusion
6740,14,206,94,322,246,,,1,occlusion
6740,66,218,130,375,246,,,1,occlusion
6740,129,250,178,393,246,,,1,occlusion
6748,142,126,260,285,90,,,1,occlusion
6748,318,130,474,297,90,,,1,occlusion
6759,27,129,196,383,90,,,1,occlusion
6759,207,83,415,387,90,,,1,occlusion
6759,392,13,605,419,90,,,1,occlusion
6794,9,91,281,618,90,,,1,occlusion
6794,138,250,187,290,90,,,1,occlusion
6794,107,259,225,397,90,,,1,occlusion
6795,141,26,349,419,90,,,1,occlusion
6816,254,199,278,229,154,155,156,1,occlusion
6816,218,195,240,226,154,155,156,1,occlusion
6816,301,198,316,219,154,155,156,1,occlusion
6816,38,191,84,280,154,155,156,1,occlusion
6831,13,117,206,465,90,,,1,occlusion
6831,141,107,259,317,90,,,1,occlusion
6831,244,107,434,287,90,,,1,occlusion
6831,361,110,544,312,90,,,1,occlusion
6831,436,126,628,469,90,,,1,occlusion
6834,293,148,413,295,90,,,1,occlusion
6834,463,174,624,462,90,,,1,occlusion
6838,160,34,304,189,94,95,,1,occlusion
6838,13,81,442,264,94,95,,1,occlusion
6838,293,98,592,316,94,95,,1,occlusion
6847,250,120,364,328,377,378,,5,rare type
6847,339,137,482,403,377,378,,5,rare type
6855,80,234,286,347,90,,,1,occlusion
6858,121,178,170,329,90,,,4,gray image
6858,286,173,360,218,90,,,4,gray image
6858,356,162,413,222,90,,,4,gray image
6858,389,163,467,351,90,,,4,gray image
6881,12,221,264,406,90,,,1,occlusion
6897,149,57,463,404,493,,,2,truncation
6912,188,68,267,209,90,,,1,occlusion
6912,526,81,605,195,90,,,1,occlusion
6912,425,145,621,411,90,,,1,occlusion
6912,396,38,440,111,90,,,1,occlusion
6913,6,139,71,230,90,,,1,occlusion
6913,48,117,92,179,90,,,1,occlusion
6913,208,150,284,240,90,,,1,occlusion
6913,336,156,420,255,90,,,1,occlusion
6913,6,121,41,179,90,,,1,occlusion
6920,184,82,215,185,353,354,,1,occlusion
6920,354,81,395,323,353,354,,1,occlusion
6920,465,83,526,301,353,354,,1,occlusion
6920,512,92,546,130,353,354,,1,occlusion
6920,582,75,624,302,353,354,,1,occlusion
6920,613,83,636,318,353,354,,1,occlusion
6934,43,144,269,433,90,,,1,occlusion
6934,102,120,188,210,90,,,1,occlusion
6934,124,84,189,194,90,,,1,occlusion
6934,228,85,287,183,90,,,1,occlusion
6934,281,111,367,204,90,,,1,occlusion
6934,354,85,455,250,90,,,1,occlusion
6934,379,120,565,426,90,,,1,occlusion
6956,252,66,298,222,19,20,21,1,occlusion
6956,372,87,411,220,19,20,21,1,occlusion
6961,120,89,387,569,493,,,2,truncation
6966,6,101,124,410,90,,,1,occlusion
6966,86,69,209,281,90,,,1,occlusion
6966,141,64,212,212,90,,,1,occlusion
6966,205,70,255,207,90,,,1,occlusion
6966,401,68,472,198,90,,,1,occlusion
6966,445,73,515,248,90,,,1,occlusion
6966,485,101,567,279,90,,,1,occlusion
6966,486,28,630,398,90,,,1,occlusion
6968,54,128,99,186,90,,,1,occlusion
6968,90,132,158,210,90,,,1,occlusion
6968,163,152,255,287,90,,,1,occlusion
6968,339,145,445,285,90,,,1,occlusion
6976,7,169,198,463,90,,,1,occlusion
6976,2,124,60,285,90,,,1,occlusion
6976,148,83,209,228,90,,,1,occlusion
6976,199,127,261,250,90,,,1,occlusion
6976,248,163,338,306,90,,,1,occlusion
6976,368,88,548,387,90,,,1,occlusion
6985,134,8,622,382,90,,,1,occlusion
7038,151,206,182,263,90,,,1,occlusion
7038,154,221,199,291,90,,,1,occlusion
7038,242,198,279,248,90,,,1,occlusion
7038,263,216,300,250,90,,,1,occlusion
7038,290,220,336,268,90,,,1,occlusion
7038,339,216,387,279,90,,,1,occlusion
7038,403,232,458,314,90,,,1,occlusion
7038,458,232,521,322,90,,,1,occlusion
7038,511,236,627,383,90,,,1,occlusion
7038,442,224,479,273,90,,,1,occlusion
7038,396,210,437,264,90,,,1,occlusion
7038,449,210,482,259,90,,,1,occlusion
7038,483,207,540,281,90,,,1,occlusion
7038,555,215,576,256,90,,,1,occlusion
7038,595,222,625,269,90,,,1,occlusion
7038,604,210,633,237,90,,,1,occlusion
7039,223,10,615,379,377,378,,5,rare type
7051,9,147,170,434,90,,,1,occlusion
7051,103,151,194,287,90,,,1,occlusion
7051,285,133,406,283,90,,,1,occlusion
7051,371,140,526,341,90,,,1,occlusion
7051,430,143,629,421,90,,,1,occlusion
7051,155,71,211,156,90,,,1,occlusion
7051,146,71,171,126,90,,,1,occlusion
7051,321,86,391,194,90,,,1,occlusion
7051,393,100,450,201,90,,,1,occlusion
7051,454,81,502,155,90,,,1,occlusion
7051,502,100,589,185,90,,,1,occlusion
7054,168,98,276,299,493,,,2,truncation
7054,438,169,567,284,491,,,2,truncation
7082,4,148,193,436,61,62,,1,occlusion
7082,167,231,336,464,61,62,,5,rare type
7082,262,185,429,463,61,62,,5,rare type
7082,434,91,628,449,61,62,,5,rare type
7082,364,72,408,133,61,62,,5,rare type
7089,7,38,189,190,377,378,,5,rare type
7092,208,220,300,431,191,192,,1,occlusion
7092,174,226,304,433,191,192,,1,occlusion
7092,133,232,179,303,191,192,,1,occlusion
7092,86,239,233,444,191,192,,1,occlusion
7092,4,367,100,471,191,192,,1,occlusion
7092,449,234,481,304,191,192,,1,occlusion
7092,465,237,512,405,191,192,,1,occlusion
7092,494,261,583,434,191,192,,1,occlusion
7092,279,207,332,319,191,192,,5,rare type
7092,318,202,354,259,191,192,,6,small scale
7092,292,205,323,250,191,192,,6,small scale
7118,184,25,387,193,90,,,1,occlusion
7118,15,75,113,258,90,,,1,occlusion
7118,3,205,76,361,90,,,1,occlusion
7132,53,113,176,289,90,,,1,occlusion
7132,9,182,113,465,90,,,1,occlusion
7132,245,127,325,250,90,,,1,occlusion
7132,375,149,523,280,90,,,1,occlusion
7132,507,168,622,399,90,,,1,occlusion
7133,6,6,103,468,90,,,1,occlusion
7133,12,10,251,448,90,,,1,occlusion
7133,157,50,370,463,90,,,1,occlusion
7133,328,144,434,363,90,,,1,occlusion
7133,404,94,596,427,90,,,1,occlusion
7133,269,11,623,465,90,,,1,occlusion
7141,224,96,290,138,25,26,30,4,gray image
7141,82,118,131,172,25,26,30,4,gray image
7141,114,98,144,131,25,26,30,4,gray image
7141,158,98,200,137,25,26,30,4,gray image
7141,29,92,77,126,25,26,30,4,gray image
7141,19,153,56,182,25,26,30,4,gray image
7141,62,190,103,222,25,26,30,4,gray image
7141,138,205,202,233,25,26,30,4,gray image
7141,329,103,367,163,25,26,30,4,gray image
7141,363,112,426,173,25,26,30,4,gray image
7141,284,234,308,254,25,26,30,4,gray image
7141,325,236,343,255,25,26,30,4,gray image
7141,357,240,373,256,25,26,30,4,gray image
7141,376,243,386,251,25,26,30,4,gray image
7141,387,241,408,258,25,26,30,4,gray image
7141,408,250,432,263,25,26,30,4,gray image
7141,365,257,386,274,25,26,30,4,gray image
7141,292,251,323,271,25,26,30,4,gray image
7141,187,243,223,262,25,26,30,4,gray image
7141,149,253,205,278,25,26,30,4,gray image
7141,32,222,65,245,25,26,30,4,gray image
7141,52,257,77,271,25,26,30,4,gray image
7141,9,273,43,315,25,26,30,4,gray image
7141,25,315,51,336,25,26,30,4,gray image
7141,103,296,135,320,25,26,30,4,gray image
7141,114,260,132,284,25,26,30,4,gray image
7141,155,295,178,315,25,26,30,4,gray image
7141,186,287,205,306,25,26,30,4,gray image
7141,169,308,190,332,25,26,30,4,gray image
7141,209,306,237,322,25,26,30,4,gray image
7150,50,47,201,415,246,,,1,occlusion
7150,186,101,293,283,246,,,1,occlusion
7150,258,105,324,280,246,,,1,occlusion
7150,321,58,436,329,246,,,1,occlusion
7150,427,91,541,295,246,,,1,occlusion
7150,528,79,631,422,246,,,1,occlusion
7153,220,86,496,426,90,,,1,occlusion
7183,198,11,404,425,90,,,1,occlusion
7195,9,58,281,390,90,,,1,occlusion
7198,300,137,409,284,493,,,2,truncation
7198,372,64,460,155,491,,,2,truncation
7198,591,82,638,173,491,,,2,truncation
7198,302,241,421,365,491,,,2,truncation
7198,235,10,304,40,491,,,2,truncation
7202,28,186,203,321,90,,,1,occlusion
7202,163,153,262,280,90,,,1,occlusion
7202,362,155,499,295,90,,,1,occlusion
7202,402,219,612,461,90,,,1,occlusion
7210,9,179,186,436,90,,,1,occlusion
7210,137,171,263,417,90,,,1,occlusion
7210,248,172,329,299,90,,,1,occlusion
7210,321,185,416,290,95,,,1,occlusion
7210,396,184,511,323,95,,,1,occlusion
7210,490,193,564,347,95,,,1,occlusion
7233,9,52,135,384,90,,,1,occlusion
7233,155,82,368,374,90,,,1,occlusion
7233,354,124,599,409,90,,,1,occlusion
7235,210,114,309,257,90,,,1,occlusion
7235,392,111,510,286,90,,,1,occlusion
7235,399,132,616,465,90,,,1,occlusion
7235,106,106,152,152,90,,,6,small scale
7236,131,227,185,299,90,,,1,occlusion
7236,140,232,182,284,90,,,1,occlusion
7236,184,236,236,278,90,,,1,occlusion
7236,240,237,287,289,90,,,1,occlusion
7236,301,236,352,284,90,,,1,occlusion
7236,356,236,405,275,90,,,1,occlusion
7236,100,280,182,356,90,,,1,occlusion
7236,212,288,265,360,90,,,1,occlusion
7236,382,279,433,355,90,,,1,occlusion
7236,443,287,490,358,90,,,1,occlusion
7236,488,281,546,374,90,,,1,occlusion
7236,520,317,620,403,90,,,1,occlusion
7236,425,315,532,414,90,,,1,occlusion
7236,306,321,430,415,90,,,1,occlusion
7236,174,309,269,403,90,,,1,occlusion
7298,185,73,381,198,90,,,1,occlusion
7310,36,2,410,456,377,378,,5,rare type
7312,2,145,59,243,90,,,1,occlusion
7312,16,147,111,342,90,,,1,occlusion
7312,103,97,160,200,90,,,1,occlusion
7312,183,95,259,214,90,,,1,occlusion
7312,251,63,295,191,90,,,1,occlusion
7312,331,104,410,196,90,,,1,occlusion
7312,395,69,465,205,90,,,1,occlusion
7312,475,101,514,207,90,,,1,occlusion
7312,512,110,547,172,90,,,1,occlusion
7312,544,112,614,243,90,,,1,occlusion
7312,413,182,621,364,90,,,1,occlusion
7312,49,110,121,167,90,,,1,occlusion
7340,103,48,128,71,154,155,156,4,gray image
7340,65,58,99,105,154,155,156,4,gray image
7340,80,71,115,96,154,155,156,4,gray image
7340,97,74,128,108,154,155,156,4,gray image
7340,112,82,145,120,154,155,156,4,gray image
7340,131,98,163,158,154,155,156,4,gray image
7340,151,110,191,172,154,155,156,4,gray image
7340,195,93,223,127,154,155,156,4,gray image
7340,225,106,258,144,154,155,156,4,gray image
7340,261,88,293,131,154,155,156,4,gray image
7340,302,90,335,124,154,155,156,4,gray image
7340,302,126,336,179,154,155,156,4,gray image
7340,254,107,296,159,154,155,156,4,gray image
7340,224,99,258,143,154,155,156,4,gray image
7340,150,117,197,172,154,155,156,4,gray image
7340,9,79,38,101,154,155,156,4,gray image
7340,14,98,44,138,154,155,156,4,gray image
7340,31,112,73,181,154,155,156,4,gray image
7340,60,123,94,194,154,155,156,4,gray image
7340,55,158,109,275,154,155,156,4,gray image
7348,17,124,107,354,90,,,1,occlusion
7348,106,145,227,300,90,,,1,occlusion
7348,410,143,540,321,90,,,1,occlusion
7348,432,113,624,438,90,,,1,occlusion
7349,22,6,269,267,90,,,1,occlusion
7349,448,48,610,270,90,,,1,occlusion
7397,14,139,134,383,90,,,1,occlusion
7397,134,137,248,253,90,,,1,occlusion
7397,265,153,344,240,90,,,1,occlusion
7397,388,128,472,233,90,,,1,occlusion
7397,503,149,609,294,90,,,1,occlusion
7424,169,264,225,332,90,,,1,occlusion
7424,228,267,292,326,90,,,1,occlusion
7424,292,263,350,322,90,,,1,occlusion
7424,360,265,401,321,90,,,1,occlusion
7424,411,268,464,310,90,,,1,occlusion
7424,481,269,535,321,90,,,1,occlusion
7424,537,349,615,408,90,,,1,occlusion
7424,472,344,541,406,90,,,1,occlusion
7424,579,342,626,419,90,,,1,occlusion
7424,409,352,489,415,90,,,1,occlusion
7424,255,329,342,412,90,,,1,occlusion
7424,291,378,380,415,90,,,1,occlusion
7424,178,321,251,393,90,,,1,occlusion
7424,130,346,230,408,90,,,1,occlusion
7424,108,361,177,406,90,,,1,occlusion
7424,8,352,103,413,90,,,1,occlusion
7458,28,38,348,401,353,354,,5,rare type
7473,230,261,290,296,519,522,,1,occlusion
7492,274,302,396,463,229,493,227,2,truncation
7492,52,379,140,450,491,,,2,truncation
7492,7,343,76,442,491,,,2,truncation
7496,19,13,459,630,545,,,5,rare type
7502,42,111,280,446,90,,,1,occlusion
7502,168,90,335,274,90,,,1,occlusion
7502,343,112,459,271,90,,,1,occlusion
7502,389,135,590,453,90,,,1,occlusion
7519,287,87,416,244,90,,,1,occlusion
7524,264,83,459,410,493,,,2,truncation
7541,201,121,356,307,229,493,227,2,truncation
7541,221,283,358,398,491,,,2,truncation
7541,132,275,257,406,491,,,2,truncation
7546,6,13,202,476,353,354,,5,rare type
7546,225,63,423,480,353,354,,5,rare type
7560,80,245,133,317,493,,,2,truncation
7560,567,184,617,241,500,501,,2,truncation
7560,51,281,85,323,491,,,6,small scale
7560,18,277,61,321,491,,,6,small scale
7560,348,109,393,159,491,,,6,small scale
7564,147,144,262,271,90,,,1,occlusion
7568,324,161,412,368,296,297,298,5,rare type
7595,4,120,159,450,90,,,1,occlusion
7595,218,126,424,292,90,,,1,occlusion
7595,415,136,575,346,90,,,1,occlusion
7595,145,121,222,237,90,,,1,occlusion
7595,247,110,303,178,90,,,1,occlusion
7599,207,175,305,289,90,,,1,occlusion
7599,301,158,381,274,90,,,1,occlusion
7599,394,138,476,268,90,,,1,occlusion
7599,6,164,64,284,90,,,1,occlusion
7628,291,97,365,196,545,,,1,occlusion
7628,217,111,361,412,545,,,5,rare type
7628,359,95,463,406,545,,,5,rare type
7628,4,61,76,426,545,,,5,rare type
7672,89,128,172,310,90,,,1,occlusion
7672,152,124,221,273,90,,,1,occlusion
7672,206,109,281,233,90,,,1,occlusion
7672,308,111,408,232,90,,,1,occlusion
7672,382,134,435,216,90,,,1,occlusion
7672,463,114,518,158,90,,,1,occlusion
7672,381,135,484,384,90,,,1,occlusion
7672,376,146,610,403,90,,,1,occlusion
7676,180,20,444,582,377,378,,5,rare type
7688,58,101,401,615,90,,,1,occlusion
7688,315,215,494,478,90,,,1,occlusion
7697,228,6,568,144,90,,,1,occlusion
7697,511,4,630,155,90,,,1,occlusion
7699,42,1,535,393,377,378,,5,rare type
7712,111,287,231,458,246,,,4,gray image
7712,220,276,331,490,246,,,4,gray image
7712,310,270,401,389,246,,,4,gray image
7712,392,277,476,449,246,,,4,gray image
7718,79,6,312,321,90,,,1,occlusion
7718,232,60,492,321,90,,,1,occlusion
7746,263,140,422,364,493,,,2,truncation
7757,4,26,236,315,90,,,1,occlusion
7757,186,126,231,192,90,,,1,occlusion
7757,275,143,295,183,90,,,1,occlusion
7757,301,145,327,177,90,,,1,occlusion
7757,325,146,352,182,90,,,1,occlusion
7757,373,145,409,190,90,,,1,occlusion
7757,296,50,482,312,90,,,1,occlusion
7757,109,124,193,189,90,,,1,occlusion
7757,233,135,278,187,90,,,1,occlusion
7768,152,63,396,563,493,,,2,truncation
7768,59,268,474,559,491,,,2,truncation
7777,46,212,303,389,90,,,4,gray image
7777,317,47,555,390,377,378,,4,gray image
7782,9,150,54,269,90,,,1,occlusion
7782,36,134,85,182,90,,,1,occlusion
7782,113,159,195,272,90,,,1,occlusion
7782,176,128,246,287,90,,,1,occlusion
7782,113,110,179,167,90,,,1,occlusion
7782,178,104,251,164,90,,,1,occlusion
7782,232,108,305,260,90,,,1,occlusion
7782,342,145,493,387,90,,,1,occlusion
7782,352,242,597,446,90,,,1,occlusion
7782,406,115,497,210,90,,,1,occlusion
7809,124,23,451,362,90,,,1,occlusion
7819,20,156,181,411,90,,,4,gray image
7819,260,142,334,213,90,,,4,gray image
7819,302,128,391,214,90,,,4,gray image
7832,413,8,554,381,284,285,288,5,rare type
7843,148,174,400,441,229,227,,2,truncation
7843,469,272,632,452,491,,,2,truncation
7860,60,135,125,309,19,20,21,1,occlusion
7860,170,141,212,443,19,20,21,1,occlusion
7933,39,13,222,175,90,,,1,occlusion
7933,221,54,336,159,90,,,1,occlusion
7933,319,72,422,176,90,,,1,occlusion
7933,335,30,589,319,90,,,1,occlusion
7963,270,177,423,426,493,,,2,truncation
7971,357,91,628,393,90,,,1,occlusion
7976,5,9,300,250,90,,,1,occlusion
7976,458,12,620,251,90,,,1,occlusion
8109,2,216,114,335,90,,,1,occlusion
8109,123,222,244,327,90,,,1,occlusion
8109,249,208,390,378,90,,,1,occlusion
8109,354,218,419,393,90,,,1,occlusion
8111,194,152,295,295,90,,,1,occlusion
8131,11,63,153,269,90,,,1,occlusion
8131,267,30,332,93,90,,,1,occlusion
8131,392,85,526,235,90,,,1,occlusion
8131,462,91,616,399,90,,,1,occlusion
8135,6,198,246,459,90,,,1,occlusion
8135,45,174,130,268,90,,,1,occlusion
8135,97,166,196,263,90,,,1,occlusion
8135,191,154,282,255,90,,,1,occlusion
8135,320,155,396,255,90,,,1,occlusion
8135,409,172,493,262,90,,,1,occlusion
8143,146,19,309,191,90,,,1,occlusion
8143,513,51,626,231,90,,,1,occlusion
8143,375,77,626,463,90,,,1,occlusion
8154,330,108,507,398,90,,,1,occlusion
8158,59,108,330,372,90,,,1,occlusion
8159,431,44,574,441,353,354,,5,rare type
8168,304,42,616,549,90,,,1,occlusion
8171,284,171,417,239,203,,,5,rare type
8191,321,127,420,302,493,,,2,truncation
8191,421,182,530,288,491,,,2,truncation
8191,490,165,584,303,491,,,2,truncation
8209,458,98,619,292,98,106,,5,rare type
8223,267,172,465,456,284,285,288,4,gray image
8226,95,83,358,288,90,,,1,occlusion
8226,51,7,270,300,90,,,1,occlusion
8228,55,12,398,330,90,,,1,occlusion
8228,149,164,293,283,90,,,1,occlusion
8229,36,26,420,550,90,,,1,occlusion
8251,341,52,460,243,90,,,1,occlusion
8251,270,51,471,614,90,,,1,occlusion
8253,7,8,393,546,377,378,,5,rare type
8268,64,286,167,417,90,,,1,occlusion
8268,169,297,292,459,90,,,1,occlusion
8268,298,289,422,483,90,,,1,occlusion
8282,188,96,214,139,19,20,21,1,occlusion
8282,196,121,224,160,19,20,21,1,occlusion
8282,234,119,279,236,19,20,21,1,occlusion
8282,217,105,235,133,19,20,21,6,small scale
8282,239,103,263,125,19,20,21,6,small scale
8317,3,122,103,410,90,,,1,occlusion
8317,90,149,178,310,90,,,1,occlusion
8317,156,160,205,241,90,,,1,occlusion
8317,303,173,340,223,90,,,1,occlusion
8317,318,165,408,237,90,,,1,occlusion
8317,414,172,490,261,90,,,1,occlusion
8317,480,148,569,277,90,,,1,occlusion
8317,556,165,600,276,90,,,1,occlusion
8317,571,168,628,310,90,,,1,occlusion
8317,280,175,310,213,90,,,1,occlusion
8319,459,358,520,475,471,472,473,1,occlusion
8319,306,380,322,401,471,472,473,1,occlusion
8319,373,373,386,404,471,472,473,1,occlusion
8349,123,175,233,422,176,177,181,5,rare type
8358,61,145,345,463,90,,,1,occlusion
8358,72,181,188,339,90,,,1,occlusion
8358,208,137,313,268,90,,,1,occlusion
8358,324,128,476,309,90,,,1,occlusion
8358,444,141,618,371,90,,,1,occlusion
8363,316,58,628,452,90,,,1,occlusion
8363,288,15,461,321,90,,,1,occlusion
8363,108,8,340,262,90,,,1,occlusion
8368,18,100,178,469,90,,,1,occlusion
8368,119,72,193,212,90,,,1,occlusion
8368,498,101,629,440,90,,,1,occlusion
8368,9,35,63,115,90,,,1,occlusion
8400,23,12,274,302,377,378,,1,occlusion
8400,105,59,171,312,377,378,,5,rare type
8400,159,48,233,306,377,378,,5,rare type
8400,210,51,307,288,377,378,,5,rare type
8400,278,37,381,290,377,378,,5,rare type
8400,281,128,434,324,377,378,,5,rare type
8400,281,144,596,335,377,378,,5,rare type
8400,363,40,566,303,377,378,,5,rare type
8405,229,90,406,380,229,493,227,2,truncation
8416,148,180,421,590,90,,,1,occlusion
8416,417,342,599,611,90,,,1,occlusion
8417,213,258,262,309,491,,,2,truncation
8417,486,194,529,229,491,,,2,truncation
8417,15,284,44,332,491,,,2,truncation
8438,69,160,280,601,493,,,2,truncation
8445,10,33,354,463,377,378,,5,rare type
8445,286,16,628,470,377,378,,5,rare type
8456,15,38,278,445,95,,,1,occlusion
8456,356,63,629,436,95,,,1,occlusion
8461,12,72,310,387,90,,,1,occlusion
8461,286,45,469,284,90,,,1,occlusion
8470,150,3,242,126,98,106,,5,rare type
8472,6,114,209,465,90,,,1,occlusion
8472,266,107,460,322,90,,,1,occlusion
8472,404,132,619,386,90,,,1,occlusion
8475,227,88,315,178,90,,,1,occlusion
8475,368,102,454,225,90,,,1,occlusion
8475,422,123,563,402,90,,,1,occlusion
8481,176,51,282,326,176,177,181,5,rare type
8504,4,225,41,337,19,20,21,1,occlusion
8504,198,232,236,285,19,20,21,1,occlusion
8504,271,219,308,318,19,20,21,1,occlusion
8504,342,226,383,304,19,20,21,1,occlusion
8504,381,228,413,275,19,20,21,1,occlusion
8511,8,25,167,311,90,,,1,occlusion
8511,155,56,302,249,90,,,1,occlusion
8511,310,74,448,230,90,,,1,occlusion
8511,459,89,604,248,90,,,1,occlusion
8517,11,74,188,621,377,378,,5,rare type
8517,134,112,383,620,377,378,,5,rare type
8566,327,75,551,420,545,,,5,rare type
8567,33,113,169,360,90,,,1,occlusion
8567,105,40,226,240,90,,,1,occlusion
8567,419,74,580,364,90,,,1,occlusion
8571,63,156,140,352,90,,,4,gray image
8571,137,147,201,359,90,,,4,gray image
8571,206,148,276,357,90,,,4,gray image
8571,273,140,359,350,90,,,4,gray image
8571,351,137,417,362,90,,,4,gray image
8571,439,142,500,360,90,,,4,gray image
8571,493,139,577,343,90,,,4,gray image
8572,47,137,235,607,90,,,1,occlusion
8572,235,127,437,600,90,,,1,occlusion
8578,282,156,429,353,493,,,2,truncation
8578,119,224,260,368,491,,,2,truncation
8578,23,196,143,362,491,,,2,truncation
8581,4,77,255,444,90,,,1,occlusion
8581,459,57,629,374,90,,,1,occlusion
8586,13,267,177,417,90,,,1,occlusion
8595,195,10,421,455,377,378,,5,rare type
8595,207,16,628,462,377,378,,5,rare type
8602,244,247,300,371,19,20,21,1,occlusion
8602,467,215,512,289,19,20,21,1,occlusion
8602,541,198,577,244,19,20,21,1,occlusion
8602,17,234,54,387,19,20,21,1,occlusion
8604,18,170,94,231,90,,,1,occlusion
8604,48,167,167,246,90,,,1,occlusion
8604,301,165,361,238,90,,,1,occlusion
8604,405,176,501,291,90,,,1,occlusion
8604,208,137,393,318,90,,,1,occlusion
8604,294,174,365,240,90,,,1,occlusion
8604,173,157,216,201,90,,,1,occlusion
8608,145,25,368,391,19,20,21,4,gray image
8608,248,12,435,381,19,20,21,4,gray image
8610,405,319,636,438,377,378,,5,rare type
8639,47,13,354,612,493,,,5,rare type
8655,32,119,191,463,191,192,,5,rare type
8655,299,149,540,458,191,192,,5,rare type
8658,41,120,195,253,90,,,1,occlusion
8658,165,3,378,254,90,,,1,occlusion
8658,392,100,587,327,90,,,1,occlusion
8669,47,153,77,181,480,481,482,6,small scale
8669,1,145,24,185,480,481,482,6,small scale
8677,157,84,355,614,229,493,227,2,truncation
8686,9,132,140,389,90,,,1,occlusion
8686,150,115,268,285,90,,,1,occlusion
8686,426,80,507,231,90,,,1,occlusion
8686,538,119,627,315,90,,,1,occlusion
8686,343,112,622,409,90,,,1,occlusion
8706,18,8,443,210,377,378,,5,rare type
8708,23,14,311,402,95,,,1,occlusion
8708,260,14,567,413,95,,,1,occlusion
8715,359,4,461,113,177,,,5,rare type
8723,224,158,352,324,90,,,1,occlusion
8723,318,127,458,307,90,,,1,occlusion
8723,439,120,570,304,90,,,1,occlusion
8744,116,13,370,424,377,378,,5,rare type
8750,142,204,289,418,229,493,227,2,truncation
8750,40,293,168,442,491,,,2,truncation
8750,357,224,414,289,491,,,2,truncation
8760,14,176,194,455,90,,,1,occlusion
8760,135,179,314,446,90,,,1,occlusion
8760,432,160,554,387,90,,,1,occlusion
8760,532,165,630,376,90,,,1,occlusion
8772,423,261,437,273,480,481,482,6,small scale
8772,388,263,406,285,480,481,482,6,small scale
8772,366,270,388,300,480,481,482,6,small scale
8784,270,75,326,123,90,,,1,occlusion
8784,186,87,306,209,90,,,1,occlusion
8784,86,100,185,254,90,,,1,occlusion
8784,332,85,456,286,90,,,1,occlusion
8784,391,126,532,356,90,,,1,occlusion
8784,435,138,625,470,90,,,1,occlusion
8791,578,143,619,209,154,155,156,1,occlusion
8791,601,147,635,201,154,155,156,1,occlusion
8791,615,155,635,253,154,155,156,1,occlusion
8791,467,149,521,233,154,155,156,1,occlusion
8809,14,157,212,446,90,,,1,occlusion
8809,403,119,605,461,90,,,1,occlusion
8814,17,27,231,412,90,,,1,occlusion
8814,234,76,571,360,90,,,1,occlusion
8819,258,213,386,399,493,,,2,truncation
8819,450,278,528,395,491,,,2,truncation
8819,484,262,589,399,491,,,2,truncation
8839,46,233,118,423,246,,,1,occlusion
8839,102,226,179,451,246,,,4,gray image
8839,153,223,235,373,246,,,4,gray image
8839,226,223,295,396,246,,,4,gray image
8839,281,218,372,407,246,,,4,gray image
8839,369,221,435,381,246,,,4,gray image
8839,432,219,514,452,246,,,4,gray image
8839,494,216,591,420,246,,,4,gray image
8841,46,88,276,410,90,,,1,occlusion
8841,219,21,455,400,90,,,1,occlusion
8841,346,143,587,408,90,,,1,occlusion
8850,481,124,593,321,176,177,181,5,rare type
8857,6,71,194,418,90,,,1,occlusion
8857,127,9,273,268,90,,,1,occlusion
8857,204,54,350,270,90,,,1,occlusion
8857,324,72,477,256,90,,,1,occlusion
8857,453,36,620,310,90,,,1,occlusion
8870,431,148,601,400,94,95,,1,occlusion
8870,293,134,484,340,94,95,,1,occlusion
8870,349,165,407,311,94,95,,1,occlusion
8870,239,187,372,345,94,95,,1,occlusion
8877,17,163,205,420,90,,,1,occlusion
8877,365,24,596,412,377,378,,5,rare type
8880,11,227,173,437,90,,,1,occlusion
8880,9,176,108,390,90,,,1,occlusion
8880,91,127,205,298,90,,,1,occlusion
8880,169,116,299,268,90,,,1,occlusion
8880,260,75,382,236,90,,,1,occlusion
8880,355,99,437,211,90,,,1,occlusion
8880,497,86,578,182,90,,,1,occlusion
8880,557,104,623,200,90,,,1,occlusion
8880,556,156,631,295,90,,,1,occlusion
8899,203,57,328,187,90,,,1,occlusion
8899,405,72,520,202,90,,,1,occlusion
8899,42,91,213,272,90,,,1,occlusion
8899,14,127,275,398,90,,,1,occlusion
8899,503,146,627,395,90,,,1,occlusion
8906,115,215,220,399,90,,,4,gray image
8906,246,179,344,418,90,,,4,gray image
8906,355,193,435,409,90,,,4,gray image
8929,94,125,169,302,353,354,,4,gray image
8929,174,106,267,324,353,354,,4,gray image
8929,28,166,64,225,545,,,4,gray image
8937,5,123,60,341,246,,,1,occlusion
8937,16,66,194,592,246,,,1,occlusion
8937,112,29,401,591,246,,,1,occlusion
8967,231,310,326,445,229,493,227,2,truncation
8967,331,342,427,423,491,,,2,truncation
8967,399,317,475,420,491,,,2,truncation
8981,16,142,233,553,90,,,1,occlusion
8981,226,137,417,554,90,,,1,occlusion
8982,474,106,499,147,19,20,21,1,occlusion
8982,496,104,520,132,19,20,21,1,occlusion
8982,522,105,540,129,19,20,21,1,occlusion
8982,533,111,558,142,19,20,21,1,occlusion
8982,535,93,548,118,19,20,21,6,small scale
8982,553,96,570,120,19,20,21,6,small scale
8982,576,96,592,113,19,20,21,6,small scale
8982,532,113,558,180,19,20,21,6,small scale
8982,564,107,582,133,19,20,21,6,small scale
8982,597,104,613,125,19,20,21,6,small scale
8982,615,92,629,111,19,20,21,6,small scale
8982,611,111,635,150,19,20,21,6,small scale
9002,232,110,340,251,90,,,1,occlusion
9002,7,10,229,504,220,,,5,rare type
9014,261,53,363,255,353,354,,5,rare type
9014,522,79,634,365,353,354,,5,rare type
9018,219,8,534,451,209,210,213,5,rare type
9021,318,223,373,270,90,,,1,occlusion
9021,414,217,459,261,90,,,1,occlusion
9021,461,221,519,278,90,,,1,occlusion
9021,68,253,138,333,90,,,1,occlusion
9021,21,262,72,317,90,,,1,occlusion
9027,176,13,267,364,353,354,,1,occlusion
9027,102,10,227,386,353,354,,1,occlusion
9027,4,36,96,345,284,285,288,5,rare type
9034,42,30,321,358,90,,,1,occlusion
9034,339,84,574,320,90,,,1,occlusion
9053,21,10,239,410,90,,,1,occlusion
9053,281,65,451,240,90,,,1,occlusion
9053,388,72,542,227,90,,,1,occlusion
9053,390,5,616,404,90,,,1,occlusion
9057,273,196,298,270,19,20,21,1,occlusion
9057,294,196,316,260,19,20,21,1,occlusion
9057,312,201,330,248,19,20,21,1,occlusion
9057,331,203,349,243,19,20,21,1,occlusion
9057,343,203,354,233,19,20,21,1,occlusion
9057,354,206,369,236,19,20,21,1,occlusion
9057,357,203,379,248,19,20,21,1,occlusion
9057,261,197,291,238,19,20,21,1,occlusion
9057,275,203,311,272,19,20,21,1,occlusion
9057,277,194,293,212,19,20,21,1,occlusion
9057,294,196,315,210,19,20,21,1,occlusion
9057,377,191,387,210,19,20,21,6,small scale
9059,5,138,100,332,191,192,,1,occlusion
9059,69,154,196,393,191,192,,1,occlusion
9059,120,143,299,445,191,192,,1,occlusion
9059,274,111,442,399,191,192,,1,occlusion
9189,536,69,608,356,98,106,,5,rare type
9193,134,128,228,219,98,106,,5,rare type
9193,506,187,586,351,98,106,,5,rare type
9231,345,270,442,462,90,,,4,gray image
9231,443,218,590,456,90,,,4,gray image
9231,227,288,354,448,90,,,4,gray image
9231,85,265,225,452,90,,,4,gray image
9311,482,90,537,187,98,106,,5,rare type
9321,18,201,140,439,209,210,213,5,rare type
9321,191,182,313,453,353,354,,5,rare type
9334,519,253,560,364,284,285,288,1,occlusion
9334,564,193,602,254,353,354,,5,rare type
9334,469,190,514,287,353,354,,5,rare type
9350,13,151,99,337,246,,,1,occlusion
9350,36,155,142,366,246,,,1,occlusion
9350,142,151,197,290,246,,,1,occlusion
9350,148,155,235,373,246,,,1,occlusion
9350,220,163,303,371,246,,,1,occlusion
9350,316,145,377,350,246,,,1,occlusion
9350,385,172,450,384,246,,,1,occlusion
9350,422,121,489,285,246,,,1,occlusion
9350,358,131,409,212,246,,,1,occlusion
9350,297,141,355,205,246,,,1,occlusion
9350,231,147,285,194,246,,,1,occlusion
9350,61,98,101,159,246,,,1,occlusion
9350,88,89,129,157,246,,,1,occlusion
9350,26,107,65,158,246,,,1,occlusion
9350,5,103,31,213,246,,,1,occlusion
9350,352,119,379,169,246,,,1,occlusion
9350,340,100,376,142,246,,,1,occlusion
9350,399,97,428,132,246,,,1,occlusion
9350,465,95,503,162,246,,,1,occlusion
9350,449,85,479,150,246,,,1,occlusion
9350,420,96,447,120,246,,,1,occlusion
9350,391,92,424,135,246,,,1,occlusion
9350,360,87,381,117,246,,,1,occlusion
9350,337,90,368,143,246,,,1,occlusion
9350,306,93,332,122,246,,,1,occlusion
9350,245,85,284,113,246,,,1,occlusion
9354,167,69,439,606,493,,,2,truncation
9355,131,63,497,596,493,,,2,truncation
9356,168,101,483,542,493,,,2,truncation
9357,164,64,500,533,493,,,2,truncation
9358,337,145,417,327,493,,,2,truncation
9358,113,204,197,313,491,,,2,truncation
9359,217,35,614,307,493,,,2,truncation
9360,298,162,451,395,493,,,2,truncation
9360,195,215,296,343,491,,,2,truncation
9361,307,26,626,405,493,,,2,truncation
9362,83,111,257,552,493,,,2,truncation
9363,130,57,324,300,229,493,227,2,truncation
9363,437,110,576,287,491,,,2,truncation
9381,62,109,180,274,90,,,1,occlusion
9381,235,142,331,295,90,,,1,occlusion
9381,311,72,433,173,90,,,1,occlusion
9393,21,48,456,473,90,,,1,occlusion
9395,23,24,278,616,90,,,1,occlusion
9403,18,12,390,623,331,332,,5,rare type
9408,2,25,628,409,266,269,,5,rare type
9411,27,21,168,210,90,,,1,occlusion
9411,160,22,277,208,90,,,1,occlusion
9411,322,44,461,240,90,,,1,occlusion
9411,459,116,621,295,90,,,1,occlusion
9427,68,241,202,408,90,,,1,occlusion
9427,262,271,373,406,90,,,1,occlusion
9442,6,9,364,373,90,,,1,occlusion
9443,260,62,585,427,90,,,1,occlusion
9486,48,251,119,336,90,,,1,occlusion
9486,101,232,182,340,90,,,1,occlusion
9486,163,236,230,315,90,,,1,occlusion
9502,395,7,469,220,90,,,1,occlusion
9507,0,267,270,416,90,,,1,occlusion
9507,3,192,127,376,90,,,1,occlusion
9507,65,134,173,280,90,,,1,occlusion
9507,46,119,145,207,90,,,1,occlusion
9507,28,80,129,201,90,,,1,occlusion
9507,132,92,239,170,90,,,1,occlusion
9507,245,90,308,188,90,,,1,occlusion
9507,280,99,360,234,90,,,1,occlusion
9507,329,100,433,282,90,,,1,occlusion
9507,378,128,493,311,90,,,1,occlusion
9509,24,76,185,386,90,,,1,occlusion
9509,170,72,263,278,90,,,1,occlusion
9509,341,55,446,234,90,,,1,occlusion
9509,418,144,469,541,90,,,1,occlusion
9514,15,23,313,466,90,,,1,occlusion
9514,250,9,621,406,90,,,1,occlusion
9547,100,135,225,367,496,498,,5,rare type
9547,226,15,461,412,489,,,5,rare type
9547,379,28,550,380,489,,,5,rare type
9547,466,41,602,355,489,,,5,rare type
9551,276,33,510,385,535,493,537,5,rare type
9575,296,119,499,417,496,498,,5,rare type
9593,76,130,117,294,246,,,1,occlusion
9593,118,125,172,278,246,,,1,occlusion
9593,180,129,225,280,246,,,1,occlusion
9593,228,123,284,289,246,,,1,occlusion
9593,291,107,345,278,246,,,1,occlusion
9593,359,122,405,276,246,,,1,occlusion
9593,407,128,462,271,246,,,1,occlusion
9593,452,128,500,262,246,,,1,occlusion
9593,493,127,552,268,246,,,1,occlusion
9593,535,120,593,268,246,,,1,occlusion
9594,15,131,75,301,246,,,4,gray image
9594,80,135,138,276,246,,,4,gray image
9594,137,129,192,232,246,,,4,gray image
9594,185,128,247,268,246,,,4,gray image
9594,252,132,305,246,246,,,4,gray image
9594,299,133,359,232,246,,,4,gray image
9594,354,137,407,304,246,,,4,gray image
9594,409,132,467,244,246,,,4,gray image
9594,463,134,528,288,246,,,4,gray image
9594,519,138,570,296,246,,,4,gray image
9594,566,139,628,294,246,,,4,gray image
9598,8,169,119,296,90,,,1,occlusion
9598,173,158,286,285,90,,,1,occlusion
9598,375,158,477,283,90,,,1,occlusion
9598,550,175,630,288,90,,,1,occlusion
9598,397,305,538,410,90,,,1,occlusion
9598,7,308,56,416,90,,,1,occlusion
9646,299,59,578,410,545,,,5,rare type
9652,131,10,361,296,90,,,1,occlusion
9652,371,84,547,296,90,,,1,occlusion
9662,11,33,626,461,377,378,,5,rare type
9663,8,11,375,369,90,,,1,occlusion
9663,340,7,624,374,90,,,1,occlusion
9665,15,12,335,444,90,,,1,occlusion
9684,9,112,253,354,90,,,1,occlusion
9720,88,18,467,312,90,,,1,occlusion
9763,200,126,443,412,90,,,1,occlusion
